Length_neck_nano;Length_neck_micro;Length_spine_nano;Length_spine_micro;Ratio;Minor_axis;Major_axis;Aspect_Ratio;Perimeter_Head_nano;Perimeter_Head_micro;Area_Head_sqrnano;Area_Head_sqrmicro;Smallest_neckwidth;Median_neckwidth;Average_neckwidth;# Neckline;Short_ATF;File;ATF;Symbol;ColorCode
7623,124;7,623124;9515,188;9,515188;80,115;1185,76;1373,511;0,863;4428,29;4,42829;1273669,106;1,273669106;17,246;32,499;106,4;2;VP64;VP64_C25M1C363X5XCSpines;PSD95-6ZF-VP64;23;#009E73
4808,94;4,80894;7362,119;7,362119;65,32;1553,298;2337,266;0,665;6558,577;6,558577;2863429,882;2,863429882;214,107;224,34;224,34;2;VP64;VP64_C251C363X5XBSpines;PSD95-6ZF-VP64;22;#E69F00
3968,685;3,968685;5681,971;5,681971;69,847;1212,49;1578,424;0,768;4907,893;4,907893;1506590,539;1,506590539;85,34;122,367;129,504;2;VP64;VP64_C251C363X5XBSpines;PSD95-6ZF-VP64;23;#009E73
4200,849;4,200849;5558,877;5,558877;75,57;217,505;1394,127;0,156;3280,108;3,280108;233576,633;0,233576633;2,376;17,692;17,966;2;VP64;VP64_C25M1C263X5XCSpine;PSD95-6ZF-VP64;23;#009E73
4200,849;4,200849;5558,877;5,558877;75,57;217,505;1394,127;0,156;3280,108;3,280108;233576,633;0,233576633;2,376;17,692;17,966;1;VP64;C2-VP64-5-M1-C2-63X-5XC;PSD95-6ZF-VP64;22;#E69F00
3827,531;3,827531;5424,747;5,424747;70,557;1345,417;1496,373;0,899;4589,45;4,58945;1569601,168;1,569601168;17,723;18,423;32,509;2;VP64;VP64_C21M1C163X5XS1Spines;PSD95-6ZF-VP64;23;#009E73
3374,831;3,374831;5399,256;5,399256;62,505;512,532;1532,42;0,334;4745,303;4,745303;615362,614;0,615362614;17,029;19,078;37,912;1;VP64;C2-VP64-5-M1-C2-63X-5XC;PSD95-6ZF-VP64;22;#E69F00
3374,831;3,374831;5399,256;5,399256;62,505;512,532;1532,42;0,334;4745,303;4,745303;615362,614;0,615362614;17,29;19,78;37,912;2;VP64;VP64_C25M1C263X5XCSpine;PSD95-6ZF-VP64;23;#009E73
4162,795;4,162795;5163,79;5,16379;80,615;975,985;1149,151;0,849;3515,9;3,5159;893201,8;0,8932018;16,268;58,688;262,309;2;VP64;VP64_C25M1C363X5XCSpines;PSD95-6ZF-VP64;23;#009E73
3952,233;3,952233;4790,882;4,790882;82,495;233,505;698,395;0,334;2078,959;2,078959;121181,488;0,121181488;17,153;53,308;60,856;2;VP64;VP64_C25M1C363X5XCSpines;PSD95-6ZF-VP64;23;#009E73
3037,768;3,037768;4786,871;4,786871;63,46;775,429;1508,63;0,514;4038,254;4,038254;901961,573;0,901961573;17,782;96,72;106,42;2;VP64;VP64_C25M1C363X5XASpines;PSD95-6ZF-VP64;22;#E69F00
3122,505;3,122505;4752,233;4,752233;65,706;644,425;1481,52;0,435;4003,253;4,003253;753222,827;0,753222827;17,585;18,252;33,573;2;VP64;VP64_C21M1C163X5XS1Spines;PSD95-6ZF-VP64;23;#009E73
3504,919;3,504919;4575,225;4,575225;76,606;1065,664;1111,637;0,959;3449,204;3,449204;920598,872;0,920598872;18,758;117,337;117,337;2;VP64;VP64_C25M1C363X5XCSpines;PSD95-6ZF-VP64;22;#E69F00
1887,198;1,887198;4392,19;4,39219;42,967;857,327;2479,709;0,346;6104,959;6,104959;1667391,162;1,667391162;93,644;80587,201;80587,201;2;VP64;VP64_C25M1C163X5XAS1Spine;PSD95-6ZF-VP64;22;#E69F00
2910,772;2,910772;4326,682;4,326682;67,275;1326,71;1811,861;0,732;5195,189;5,195189;47,77;0,00004777;949,249;92,79;538,1;2;NoED;NoED_1M1C163X1XS2Spines;PSD95-6ZF-NoED;22;#E69F00
2270,798;2,270798;4237,35;4,23735;53,594;1028,324;1413,156;0,728;4279,918;4,279918;1153554,829;1,153554829;2,455;18,288;29,506;2;VP64;VP64_C25M1C263X5XCSpine;PSD95-6ZF-VP64;23;#009E73
2270,798;2,270798;4237,035;4,237035;53,594;1028,324;1413,156;0,728;4279,918;4,279918;1153554,829;1,153554829;2,455;18,288;29,506;1;VP64;C2-VP64-5-M1-C2-63X-5XC;PSD95-6ZF-VP64;23;#009E73
2587,78;2,58778;4128,921;4,128921;62,674;918,623;1313,149;0,7;4340,898;4,340898;940045,87;0,94004587;20,82;95,187;132,625;2;VP64;VP64_C25M1C163X5XCSpines;PSD95-6ZF-VP64;23;#009E73
1538,925;1,538925;4128,88;4,12888;37,272;1034,584;2130,947;0,486;5612,245;5,612245;1730814,168;1,730814168;50,63;50,63;50,63;2;VP64;VP64_C25M1C363X5XCSpines;PSD95-6ZF-VP64;22;#E69F00
2766,48;2,76648;4069,93;4,06993;67,977;1040,727;1631,964;0,638;4312,362;4,312362;1257710,65;1,25771065;1,945;94,796;142,91;2;NoED;NoED_C25M1C363X1XSpine;PSD95-6ZF-NoED;23;#009E73
2138,165;2,138165;4056,74;4,05674;52,715;1169,967;1570,646;0,745;4640,579;4,640579;1436579,3;1,4365793;105,678;134,736;139,46;2;VP64;VP64_C25M1C163X5XAS1Spine;PSD95-6ZF-VP64;23;#009E73
2242,463;2,242463;4053,284;4,053284;55,325;1319,137;1394,291;0,946;4282,827;4,282827;1447620,767;1,447620767;78,563;232,024;584,588;1;VP64;Jun142022_MAX_C2-VP64-M5-3X-4;PSD95-6ZF-VP64;23;#009E73
2408,85;2,40885;4038,936;4,038936;59,641;900,671;1310,151;0,687;3911,883;3,911883;931511,28;0,93151128;39,114;53,247;53,247;2;VP64;VP64_C25M1C363X5XCSpines;PSD95-6ZF-VP64;23;#009E73
2435,832;2,435832;4008,059;4,008059;60,773;1161,009;1378,675;0,842;4081,423;4,081423;1255333,807;1,255333807;67,357;294,378;285,685;1;VP64;Jun142022_MAX_C2-VP64-M7-3X-1;PSD95-6ZF-VP64;23;#009E73
2431,763;2,431763;3995,657;3,995657;60,86;1711,304;1815,508;0,943;5812,368;5,812368;2434712,461;2,434712461;51,506;259,388;346,794;2;NoED;May032022_NoED_100_C2M1.8-1-1;PSD95-6ZF-NoED;22;#E69F00
1133,036;1,133036;3985,523;3,985523;28,429;1574,068;1864,299;0,844;5496,021;5,496021;2305719,253;2,305719253;177,463;281,301;266,677;1;VP64;Jun142022_MAX_C2-VP64-M5-3X-1;PSD95-6ZF-VP64;22;#E69F00
2425,229;2,425229;3882,383;3,882383;62,468;934,182;1355,134;0,689;3903,772;3,903772;1002902,408;1,002902408;18,398;2900,406;2900,406;2;VP64;VP64_C251C363X5XBSpines;PSD95-6ZF-VP64;22;#E69F00
2396,31;2,39631;3729,482;3,729482;64,246;1054,36;1178,674;0,895;3573,523;3,573523;978177,5;0,9781775;18,141;32,94;154,424;2;VP64;VP64_MAX21M1C163X5X2Spines;PSD95-6ZF-VP64;23;#009E73
2608,872;2,608872;3612,258;3,612258;72,223;859,283;1093,37;0,786;3276,206;3,276206;732351,2;0,7323512;18,189;18,876;43,607;2;VP64;VP64_C21M1C163X5XS1Spines;PSD95-6ZF-VP64;22;#E69F00
2715,555;2,715555;3555,89;3,55589;76,385;893,232;1252,17;0,713;3573,515;3,573515;867256,979;0,867256979;76,771;249,393;293,725;2;NoED;NoED_1M1C163X1XS2Spines;PSD95-6ZF-NoED;23;#009E73
2259,24;2,25924;3514,19;3,51419;64,286;479,331;1455,347;0,329;3777,646;3,777646;541095,724;0,541095724;18,883;86,524;86,524;2;VP64;VP64_C25M1C363X5XASpines;PSD95-6ZF-VP64;23;#009E73
591,44;0,59144;3482,21;3,48221;16,986;777,625;2923,505;0,266;7142,972;7,142972;1783588,6;1,7835886;17,542;17,542;17,542;2;VP64;VP64_C251C363X5XBSpines;PSD95-6ZF-VP64;23;#009E73
2659,822;2,659822;3447,071;3,447071;77,162;822,625;845,995;0,972;2779,224;2,779224;547945,519;0,547945519;51,135;256,555;22384,827;1;VP64;Jun142022_MAX_C2-VP64-M5-3X-3;PSD95-6ZF-VP64;23;#009E73
1641,43;1,64143;3313,111;3,313111;49,532;822,598;2014,353;0,408;5278,12;5,27812;1282183,464;1,282183464;155,635;208,653;249,507;2;NoED;NoED_MAXC21M1C363X1XS1;PSD95-6ZF-NoED;23;#009E73
1210,363;1,210363;3291,523;3,291523;36,772;929,801;2356,345;0,395;6053,956;6,053956;1729344,603;1,729344603;31,75;128,643;153,46;2;VP64;VP64_May032022_C2100M43X;PSD95-6ZF-VP64;23;#009E73
1126,289;1,126289;3284,158;3,284158;34,295;1264,934;1528,704;0,827;4404,474;4,404474;1513252,649;1,513252649;143,046;209,017;3764,219;1;NoED;Jun142022_MAX_C2-NoED-M10-3X-2;PSD95-6ZF-NoED;23;#009E73
1394,425;1,394425;3243,233;3,243233;42,995;1221,809;1588,085;0,769;4778,144;4,778144;1523989,908;1,523989908;91,091;178,865;2055,408;1;VP64;Jun142022_MAX_C2-VP64-M5-3X-4;PSD95-6ZF-VP64;23;#009E73
1788,58;1,78858;3224,274;3,224274;55,456;345,806;920,3;0,376;3272,635;3,272635;773670,353;0,773670353;54,968;101,472;101,472;2;VP64;VP64_C25M1C263X5XBSpine;PSD95-6ZF-VP64;23;#009E73
1111,549;1,111549;3099,507;3,099507;35,862;1598,928;1780,389;0,898;5731,326;5,731326;2230144,12;2,23014412;18,536;28,803;28,803;2;VP64;VP64_MAX21M1C163X5X2Spines;PSD95-6ZF-VP64;23;#009E73
2076,344;2,076344;3055,193;3,055193;67,961;589,204;1172,708;0,502;3345,741;3,345741;535658,777;0,535658777;58,548;98,945;144,223;2;VP64;VP64_C25M1C263X5XBSpine;PSD95-6ZF-VP64;23;#009E73
1677,6;1,6776;3045,771;3,045771;55,62;917,767;1433,536;0,64;4142,882;4,142882;1035369,66;1,03536966;141,284;223,336;227,348;2;VP64;VP64_C25M1C163X5XAS1Spine;PSD95-6ZF-VP64;23;#009E73
1753,886;1,753886;3001,114;3,001114;58,441;1239,564;1704,374;0,727;4908,611;4,908611;1666864,959;1,666864959;77,949;212,63;192,534;2;NoED;NoED_1M1C163X1XS2Spines;PSD95-6ZF-NoED;23;#009E73
1554,811;1,554811;2977,713;2,977713;52,215;907,177;1433,83;0,633;4349,269;4,349269;1012017,595;1,012017595;121,318;394,533;478,051;1;VP64;Jun142022_MAX_C2-VP64-M5-3X-3;PSD95-6ZF-VP64;23;#009E73
2227,28;2,22728;2968,168;2,968168;75,39;275,81;843,312;0,326;2021,295;2,021295;177151,695;0,177151695;3,424;44,571;863,197;2;VP64;VP64_C25M1C363X5XASpines;PSD95-6ZF-VP64;23;#009E73
2294,573;2,294573;2946,074;2,946074;77,886;450,506;776,073;0,58;2054,827;2,054827;279064,503;0,279064503;90,605;289,23;6843,283;1;VP64;Jun142022_MAX_C2-VP64-M6-3X-2;PSD95-6ZF-VP64;23;#009E73
1923,809;1,923809;2917,71;2,91771;65,936;558,267;997,282;0,56;2671,749;2,671749;441265,497;0,441265497;150,748;295,101;4866,958;1;VP64;Jun142022_MAX_C2-VP64-M9-3X-1;PSD95-6ZF-VP64;23;#009E73
1831,693;1,831693;2838,362;2,838362;64,533;1030,126;1117,932;0,921;3539,304;3,539304;911247,314;0,911247314;577,58;577,58;577,58;2;VP64;VP64_MAX21M1C163X5X2Spines;PSD95-6ZF-VP64;23;#009E73
1939,984;1,939984;2818,96;2,81896;68,84;586,636;878,442;0,668;2414,181;2,414181;403822,668;0,403822668;59,541;59,541;59,541;2;VP64;VP64_C25M1C263X5XBSpine;PSD95-6ZF-VP64;23;#009E73
1393,451;1,393451;2770,106;2,770106;50,303;1362,312;1550,807;0,878;4742,167;4,742167;1653478,301;1,653478301;77,949;139,366;13557,152;2;NoED;NoED_1M1C163X1XS2Spines;PSD95-6ZF-NoED;23;#009E73
1172,317;1,172317;2752,475;2,752475;42,591;894,596;1463,256;0,611;3853,748;3,853748;1030641,296;1,030641296;17,398;17,872;65,284;2;VP64;VP64_C251C363X5XBSpines;PSD95-6ZF-VP64;22;#E69F00
1363,898;1,363898;2748,392;2,748392;49,625;972,336;1225,273;0,794;3552,15;3,55215;928323,647;0,928323647;60,91;113,233;4561,313;2;VP64;VP64_MAX21M1C163X5X2Spines;PSD95-6ZF-VP64;23;#009E73
2233,631;2,233631;2744,789;2,744789;81,377;620,195;806,857;0,769;2415,41;2,41541;390098,93;0,39009893;81,676;108,328;112,45;2;NoED;NoED_C25M1C263X5XS1;PSD95-6ZF-NoED;23;#009E73
1751,694;1,751694;2739,384;2,739384;63,945;730,294;887,155;0,823;2569,811;2,569811;504344,393;0,504344393;75,62;155,812;181,302;2;VP64;VP64_C25M1C163X5XCSpines;PSD95-6ZF-VP64;23;#009E73
2077,191;2,077191;2730,868;2,730868;76,63;733,415;847,235;0,866;2711,256;2,711256;376742,545;0,376742545;6,707;89,135;104,102;2;NoED;NoED_C25M1C363X1XSpine;PSD95-6ZF-NoED;23;#009E73
1870,551;1,870551;2685,431;2,685431;69,656;755,739;852,9;0,886;2647,642;2,647642;495503,45;0,49550345;70,189;70,189;70,189;2;VP64;VP64_C251C363X5XBSpines;PSD95-6ZF-VP64;23;#009E73
735,346;0,735346;2652,238;2,652238;27,725;413,944;2185,383;0,189;4777,663;4,777663;706325,392;0,706325392;122,197;122,197;122,197;2;VP64;VP64_C25M1C363X5XCSpines;PSD95-6ZF-VP64;22;#E69F00
1801,453;1,801453;2634,733;2,634733;68,373;677,192;792,782;0,854;2390,971;2,390971;415446,725;0,415446725;18,58;18,58;18,58;2;VP64;VP64_C25M1C363X5XASpines;PSD95-6ZF-VP64;23;#009E73
1719,976;1,719976;2629,119;2,629119;65,42;732,317;934,483;0,784;2769,567;2,769567;538202,749;0,538202749;163,531;293,005;341,623;1;VP64;May032022_MAX_C2-VP64-M15-3X-1;PSD95-6ZF-VP64;22;#E69F00
1583,149;1,583149;2603,252;2,603252;60,814;766,69;1031,746;0,742;2958,5;2,9585;631807,127;0,631807127;24,357;104,882;106,545;2;VP64;VP64_C21M1C263X5XS1Spines;PSD95-6ZF-VP64;22;#E69F00
764,906;0,764906;2556,607;2,556607;29,919;1228,321;1386,473;0,886;4139,618;4,139618;1332044,322;1,332044322;6,163;150,411;130,694;2;VP64;C2-May_032022_VP64_100_M3X;PSD95-6ZF-VP64;23;#009E73
1661,23;1,66123;2553,16;2,55316;65,66;847,563;1000,166;0,847;3025,899;3,025899;669273,89;0,66927389;15,363;28,641;28,641;2;VP64;VP64_C25M1C363X5XCSpines;PSD95-6ZF-VP64;23;#009E73
1554,855;1,554855;2486,823;2,486823;62,524;959,956;1213,458;0,791;3681,739;3,681739;910714,338;0,910714338;75,175;329,881;6059,469;1;VP64;Jun142022_MAX_C2-VP64-M5-3X-2;PSD95-6ZF-VP64;22;#E69F00
693,759;0,693759;2480,331;2,480331;27,97;1099,431;2181,18;0,504;5668,038;5,668038;1921064,112;1,921064112;34,101;341,906;17588,19;1;VP64;C2-May_032022_VP64_100_M33X-2;PSD95-6ZF-VP64;23;#009E73
1757,176;1,757176;2464,827;2,464827;71,29;615,704;898,866;0,685;2474,784;2,474784;437419,267;0,437419267;112,745;254,795;278,335;2;NoED;NoED_1M1C363X5XS1Spine;PSD95-6ZF-NoED;23;#009E73
1597,375;1,597375;2461,461;2,461461;64,895;360,97;1087,923;0,332;2916,649;2,916649;313006,254;0,313006254;1,171;21,616;48,214;2;NoED;NoED_1M1C263X5XS1spines;PSD95-6ZF-NoED;23;#009E73
1405,734;1,405734;2448,331;2,448331;57,416;882,513;1057,81;0,835;3166,858;3,166858;729956,875;0,729956875;71,215;90,71;89,243;2;VP64;VP64_C251C363X5XBSpines;PSD95-6ZF-VP64;22;#E69F00
1379,687;1,379687;2439,361;2,439361;56,559;823,574;1104,562;0,746;3322,802;3,322802;716497,777;0,716497777;21,756;156,777;164,959;2;VP64;VP64_C2500M33XSpines;PSD95-6ZF-VP64;23;#009E73
1676,463;1,676463;2427,63;2,42763;69,74;754,446;799,454;0,944;2730,364;2,730364;475390,56;0,47539056;36,339;110,749;110,749;2;NoED;NoED_C25M1C263X5XS1;PSD95-6ZF-NoED;22;#E69F00
1446,088;1,446088;2409,2;2,4092;60,024;723,6;893,072;0,81;2661,2;2,6612;511545,548;0,511545548;81,743;189,37;10590,885;1;NoED;Jun142022_MAX_C2-NoED-M14-3X-1;PSD95-6ZF-NoED;23;#009E73
1618,157;1,618157;2406,53;2,40653;67,254;782,99;852,454;0,917;2630,841;2,630841;518489,5;0,5184895;23,915;71,675;79,539;2;VP64;VP64_C21M1C263X5XS1Spines;PSD95-6ZF-VP64;23;#009E73
1428,371;1,428371;2399,353;2,399353;59,531;873,242;988,607;0,883;3005,518;3,005518;674093,26;0,67409326;90,825;131,87;131,87;2;VP64;VP64_C25M1C363X5XASpines;PSD95-6ZF-VP64;22;#E69F00
1604,436;1,604436;2389,007;2,389007;67,159;475,971;866,84;0,549;2565,866;2,565866;328338,925;0,328338925;159,83;337,439;12100,098;1;VP64;Jun142022_MAX_C2-VP64-M9-3X-1;PSD95-6ZF-VP64;22;#E69F00
1805,808;1,805808;2388,12;2,38812;75,616;636,183;749,227;0,849;2290,251;2,290251;371605,543;0,371605543;26,199;164,677;208,789;2;VP64;VP64_C21M1C263X5XS2Spines;PSD95-6ZF-VP64;23;#009E73
482,745;0,482745;2374,719;2,374719;20,329;1259,862;1526,968;0,825;5055,927;5,055927;1518611,578;1,518611578;97,405;162,565;19671,091;1;VP64;Jun142022_MAX_C2-VP64-M6-3X-2;PSD95-6ZF-VP64;23;#009E73
1074,329;1,074329;2367,55;2,36755;45,387;1308,534;1677,856;0,78;4775,168;4,775168;89,249;0,000089249;335,25;25,102;738,1;2;NoED;NoED_1M1C163X1XS2Spines;PSD95-6ZF-NoED;23;#009E73
1323,822;1,323822;2366,274;2,366274;55,945;643,71;1027,078;0,627;2955,036;2,955036;514940,35;0,51494035;139,029;348,426;13074,698;1;NoED;Jun142022_MAX_C2-NoED-M10-3X-1;PSD95-6ZF-NoED;23;#009E73
1620,74;1,62074;2335,447;2,335447;69,397;402,562;852,37;0,472;2304,942;2,304942;270394,489;0,270394489;100,64;183,99;210,975;2;VP64;VP64_500M2S1;PSD95-6ZF-VP64;23;#009E73
1221,29;1,22129;2330,14;2,33014;52,402;680,641;1122,283;0,606;3285,642;3,285642;596358,353;0,596358353;69,684;241,263;1205,937;2;VP64;VP64_C25M1C163X5XCSpines;PSD95-6ZF-VP64;23;#009E73
1475,498;1,475498;2322,101;2,322101;63,541;910,587;927,634;0,982;2888,326;2,888326;638463,605;0,638463605;93,701;113,523;113,523;2;VP64;VP64_C21M1C263X5XS1Spines;PSD95-6ZF-VP64;22;#E69F00
1792,333;1,792333;2310,714;2,310714;77,566;573,62;652,131;0,88;2010,996;2,010996;292339,449;0,292339449;25,577;131,1;1357,741;2;VP64;VP64_C21M1C263X5XS3Spines;PSD95-6ZF-VP64;23;#009E73
630,661;0,630661;2303,677;2,303677;27,376;970,462;1203,736;0,806;3932,138;3,932138;918154,164;0,918154164;90,506;90,506;90,506;2;VP64;VP64_C21M1C163X5XS1Spines;PSD95-6ZF-VP64;23;#009E73
742,885;0,742885;2288,484;2,288484;32,462;1271,384;1507,916;0,843;4547,602;4,547602;1505167,688;1,505167688;508,597;508,597;508,597;2;VP64;VP64_MAX21M1C163X5X2Spines;PSD95-6ZF-VP64;23;#009E73
1310,737;1,310737;2279,587;2,279587;57,499;919,25;1162,928;0,79;3532,224;3,532224;835984,727;0,835984727;75,881;75,881;75,881;2;VP64;VP64_C25M1C263X5XBSpine;PSD95-6ZF-VP64;23;#009E73
836,379;0,836379;2267,616;2,267616;36,884;768,101;1302,984;0,589;4029,868;4,029868;780194,328;0,780194328;6,574;17,775;20,878;2;NoED;C2-NoED-500-M2-3X2--3-1;PSD95-6ZF-NoED;22;#E69F00
759,197;0,759197;2256,948;2,256948;33,638;661,005;1631,911;0,405;4358,681;4,358681;844413,467;0,844413467;175,229;256,473;254,866;1;VP64;May032022_MAX_C2-VP64-M15D-3X-2;PSD95-6ZF-VP64;22;#E69F00
1761,313;1,761313;2245,1;2,2451;78,455;636,933;819,389;0,777;2326,18;2,32618;396588,109;0,396588109;2,279;81,447;363,132;2;VP64;VP64_C21M1C263X5XS3Spines;PSD95-6ZF-VP64;23;#009E73
1553,236;1,553236;2240,753;2,240753;69,318;764,495;864,19;0,885;2585,889;2,585889;497331,454;0,497331454;63,278;107,72;200,47;2;VP64;VP64_C21M1C263X5XS4Spines;PSD95-6ZF-VP64;23;#009E73
1078,22;1,07822;2239,952;2,239952;48,136;1055,563;1530,536;0,69;4469,609;4,469609;1285234,207;1,285234207;12,542;177,996;147,324;2;NoED;NoED_1M1C163X1XS2Spines;PSD95-6ZF-NoED;23;#009E73
1324,414;1,324414;2229,294;2,229294;59,41;657,828;1107,853;0,594;3153,765;3,153765;604088,209;0,604088209;56,276;314,12;9911,113;2;NoED;May032022_NoED_100_C2M1.8-1-1;PSD95-6ZF-NoED;22;#E69F00
1415,543;1,415543;2228,12;2,22812;63,534;1435,312;1861,739;0,771;5391,337;5,391337;2104277,337;2,104277337;51,554;267,45;276,409;2;NoED;May032022_NoED_100_C2M1.8-1-1;PSD95-6ZF-NoED;23;#009E73
1262,585;1,262585;2221,373;2,221373;56,838;842,897;984,88;0,856;2903,755;2,903755;651826,943;0,651826943;89,736;419,993;770,553;1;VP64;Jun142022_MAX_C2-VP64-M5-3X-4;PSD95-6ZF-VP64;23;#009E73
1488,365;1,488365;2214,889;2,214889;67,198;353,838;842,923;0,42;2390,66;2,39066;226628,46;0,22662846;147,106;344,435;346,474;1;VP64;Jun142022_MAX_C2-VP64-M5-3X-4;PSD95-6ZF-VP64;23;#009E73
1401,957;1,401957;2194,44;2,19444;63,898;329,886;813,89;0,405;2027,769;2,027769;205576,306;0,205576306;23,442;66,17;82,948;2;VP64;VP64_C21M1C263X5XS4Spines;PSD95-6ZF-VP64;23;#009E73
1185,628;1,185628;2183,966;2,183966;54,288;587,673;845,872;0,695;2438,126;2,438126;392530,44;0,39253044;120,851;120,851;120,851;2;VP64;VP64_C25M1C363X5XASpines;PSD95-6ZF-VP64;22;#E69F00
1665,368;1,665368;2124,71;2,12471;78,381;642,216;743,073;0,864;2217,29;2,21729;371550,922;0,371550922;85,302;397,121;6221,141;1;VP64;Jun142022_MAX_C2-VP64-M6-3X-2;PSD95-6ZF-VP64;23;#009E73
1251,921;1,251921;2113,795;2,113795;59,226;432,373;731,973;0,591;2130,418;2,130418;246706,826;0,246706826;1,107;17,964;43,264;2;VP64;VP64_C25M1C263X5XCSpine;PSD95-6ZF-VP64;23;#009E73
1251,921;1,251921;2113,795;2,113795;59,226;432,373;731,973;0,591;2130,418;2,130418;246706,826;0,246706826;1,107;17,964;43,264;1;VP64;C2-VP64-5-M1-C2-63X-5XC;PSD95-6ZF-VP64;23;#009E73
485,38;0,48538;2112,228;2,112228;22,98;1019,974;1421,475;0,718;3889,085;3,889085;1131160,382;1,131160382;114,707;308,184;289,284;1;VP64;Jun142022_MAX_C2-VP64-M5-3X-1;PSD95-6ZF-VP64;23;#009E73
1477,152;1,477152;2107,26;2,10726;70,98;743,89;763,233;0,974;2422,904;2,422904;447780,637;0,447780637;23,792;125,969;180,68;2;VP64;VP64_C21M1C263X5XS4Spines;PSD95-6ZF-VP64;22;#E69F00
1649,254;1,649254;2094,725;2,094725;78,734;463,48;647,699;0,715;1909,48;1,90948;240697,856;0,240697856;84,788;278,994;8208,773;2;VP64;VP64_C25M1C163X5XCSpines;PSD95-6ZF-VP64;22;#E69F00
1299,936;1,299936;2088,366;2,088366;62,247;773,527;958,16;0,807;2916,871;2,916871;593331,146;0,593331146;32,81;257,12;327,194;2;VP64;VP64_May032022_C2100M43X;PSD95-6ZF-VP64;23;#009E73
1363,62;1,36362;2087,374;2,087374;65,327;502,193;874,377;0,574;2448,443;2,448443;340124,602;0,340124602;88,111;151,894;154,757;1;NoED;NoED_C2--500-M3-3X_1-1;PSD95-6ZF-NoED;23;#009E73
1731,648;1,731648;2080,766;2,080766;83,222;223,771;414,671;0,54;1083,4;1,0834;74315,32;0,07431532;17,41;68,194;105,305;2;VP64;VP64_MAX21M1C163X5X2Spines;PSD95-6ZF-VP64;22;#E69F00
1587,282;1,587282;2075,677;2,075677;76,471;593,604;815,92;0,728;2438,655;2,438655;377441,877;0,377441877;76,991;107,265;128,469;2;VP64;VP64_C25M1C163X5XCSpines;PSD95-6ZF-VP64;23;#009E73
1526,529;1,526529;2074,143;2,074143;73,598;620,43;681,156;0,91;2175,606;2,175606;329466,546;0,329466546;36,136;374,39;21267,75;2;VP64;VP64_C21M1C263X5XS1Spines;PSD95-6ZF-VP64;23;#009E73
1029,659;1,029659;2016,716;2,016716;51,56;551,472;967,505;0,57;2568,6;2,5686;413330,247;0,413330247;88,194;211,794;252,692;2;VP64;VP64_C25M1C163X5XCSpines;PSD95-6ZF-VP64;23;#009E73
826,114;0,826114;2016,591;2,016591;40,966;986,648;1561,858;0,632;4237,521;4,237521;1219998,656;1,219998656;130,229;130,229;130,229;2;VP64;VP64_MAX21M1C163X5X2Spines;PSD95-6ZF-VP64;23;#009E73
925,711;0,925711;1990,976;1,990976;46,495;679,602;992,34;0,685;3025,21;3,02521;534606,236;0,534606236;54,446;186,758;230,347;2;NoED;NoED_1M1C363X5XS1Spine;PSD95-6ZF-NoED;22;#E69F00
1461,49;1,46149;1989,326;1,989326;73,444;622,972;818,387;0,761;2283,398;2,283398;387404,782;0,387404782;57,4;57,4;57,4;2;VP64;VP64_C21M1C263X5XS1Spines;PSD95-6ZF-VP64;23;#009E73
612,928;0,612928;1973,91;1,97391;31,051;651,912;1260,704;0,517;3595,899;3,595899;638847,765;0,638847765;214,541;312,905;319,149;1;NoED;Jun142022_MAX_C2-NoED-M9-3X-1;PSD95-6ZF-NoED;22;#E69F00
1170,331;1,170331;1972,654;1,972654;59,328;748,312;814,865;0,918;2459,956;2,459956;471641,698;0,471641698;240,835;402,543;33630,96;1;VP64;Jun142022_MAX_C2-VP64-M5-3X-3;PSD95-6ZF-VP64;22;#E69F00
1310,867;1,310867;1970,375;1,970375;66,529;530,58;858,827;0,618;2490,695;2,490695;397468,263;0,397468263;104,927;215,485;220,81;2;NoED;NoED_MAXC21M1C363X1XS1;PSD95-6ZF-NoED;22;#E69F00
764,106;0,764106;1968,931;1,968931;38,808;827,733;1992,595;0,415;5125,83;5,12583;1313389,206;1,313389206;259,95;340,225;353,449;2;NoED;May032022_NoED_100_C2M1.8-1-1;PSD95-6ZF-NoED;23;#009E73
682,561;0,682561;1962,657;1,962657;34,777;484,629;1251,389;0,387;3417,312;3,417312;469154,908;0,469154908;126,357;328,832;9273,344;1;NoED;Jun142022_MAX_C2-NoED-M10-3X-1;PSD95-6ZF-NoED;23;#009E73
1082,597;1,082597;1961,938;1,961938;55,18;793,224;1044,475;0,759;3309,761;3,309761;712121,109;0,712121109;249,335;517,79;16330,814;2;NoED;NoED_1M1C163X1XS2Spines;PSD95-6ZF-NoED;23;#009E73
659,39;0,65939;1960,345;1,960345;33,636;828,4;1327,943;0,624;3975,733;3,975733;822059,653;0,822059653;31,857;159,502;270,746;2;VP64;VP64_May032022_C2100M43X;PSD95-6ZF-VP64;23;#009E73
1502,806;1,502806;1935,014;1,935014;77,664;431,893;606,179;0,712;1794,494;1,794494;212571,646;0,212571646;36,543;433,428;514,845;1;NoED;May032022_MAX_C2-NoED-M21-3X-1;PSD95-6ZF-NoED;23;#009E73
1306,954;1,306954;1928,34;1,92834;67,776;551,99;644,897;0,856;1946,29;1,94629;282511,772;0,282511772;67,338;85,405;273,37;2;VP64;VP64_C21M1C263X5XS1Spines;PSD95-6ZF-VP64;22;#E69F00
755,055;0,755055;1919,705;1,919705;39,332;838,589;1227,052;0,683;3499,289;3,499289;809821,363;0,809821363;161,029;462,394;31005,568;1;VP64;Jun142022_MAX_C2-VP64-M8-3X-1;PSD95-6ZF-VP64;23;#009E73
1569,159;1,569159;1895,585;1,895585;82,78;293,927;348,961;0,842;1075,987;1,075987;79425,426;0,079425426;23,217;211,48;263,329;2;VP64;VP64_C21M1C263X5XS2Spines;PSD95-6ZF-VP64;23;#009E73
463,603;0,463603;1844,218;1,844218;25,138;763,034;1142,253;0,668;3472,875;3,472875;682472,64;0,68247264;258,705;446,819;37235,678;1;NoED;Jun142022_MAX_C2-NoED-M9-3X-1;PSD95-6ZF-NoED;23;#009E73
1043,763;1,043763;1839,897;1,839897;56,729;702,221;847,118;0,829;2486,917;2,486917;462663,616;0,462663616;89,436;157,124;159,799;1;NoED;NoED_C2--500-M3-3X_1-1;PSD95-6ZF-NoED;23;#009E73
880,919;0,880919;1801,907;1,801907;48,888;771,923;1225,68;0,63;3328,923;3,328923;717548,211;0,717548211;59,81;298,784;16457,816;2;NoED;May032022_NoED_100_C2M1.8-1-1;PSD95-6ZF-NoED;23;#009E73
1175,714;1,175714;1799,285;1,799285;65,343;638,289;685,341;0,931;2217,128;2,217128;351459,532;0,351459532;225,639;480,226;5386,976;1;VP64;Jun142022_MAX_C2-VP64-M7-3X-1;PSD95-6ZF-VP64;23;#009E73
655,875;0,655875;1781,845;1,781845;36,809;731,541;1459,724;0,501;4138,422;4,138422;845396,6;0,8453966;222,456;295,101;295,66;2;VP64;May_032022_VP64_100_M2_3X-1-2-1;PSD95-6ZF-VP64;23;#009E73
1302,302;1,302302;1770,298;1,770298;73,564;384,48;463,452;0,829;1752,573;1,752573;140079,17;0,14007917;35,745;180,425;33079,946;2;VP64;VP64_C21M1C263X5XS2Spines;PSD95-6ZF-VP64;22;#E69F00
1238,129;1,238129;1767,955;1,767955;70,32;556,929;663,477;0,839;1973,201;1,973201;287223,539;0,287223539;72,363;72,363;72,363;2;VP64;VP64_C21M1C163X5XS1Spines;PSD95-6ZF-VP64;23;#009E73
1312,32;1,31232;1750,498;1,750498;74,952;669,829;763,511;0,877;2355,46;2,35546;379620,582;0,379620582;51,532;248,565;9763,932;2;NoED;May032022_NoED_100_C2M1.8-1-1;PSD95-6ZF-NoED;23;#009E73
936,585;0,936585;1747,237;1,747237;53,604;461,743;746,421;0,619;2855,889;2,855889;271710,496;0,271710496;114,521;208,283;222,191;1;VP64;May032022_MAX_C2-VP64-M15-3X-2;PSD95-6ZF-VP64;22;#E69F00
708,969;0,708969;1744,495;1,744495;40,64;1260,14;1836,445;0,686;5345,205;5,345205;1813297,671;1,813297671;16,444;261,872;204,666;2;NoED;May032022_NoED_100_C2M1.8-1-1;PSD95-6ZF-NoED;23;#009E73
1392,28;1,39228;1739,51;1,73951;80,24;357,153;555,683;0,643;1553,71;1,55371;154185,963;0,154185963;58,919;58,919;58,919;2;VP64;VP64_C25M1C363X5XCSpines;PSD95-6ZF-VP64;23;#009E73
1261,972;1,261972;1720,119;1,720119;73,365;433,797;511,846;0,848;1692,828;1,692828;181353,784;0,181353784;204,538;309,005;330,366;1;NoED;May032022_MAX_C2-NoED-M18-3X-3;PSD95-6ZF-NoED;23;#009E73
1207,819;1,207819;1705,429;1,705429;70,822;618,393;658,578;0,939;2113,876;2,113876;321587,389;0,321587389;24,493;111,39;9662,704;2;VP64;VP64_C21M1C263X5XS3Spines;PSD95-6ZF-VP64;22;#E69F00
807,247;0,807247;1693,41;1,69341;47,67;741,804;920,299;0,806;2716,783;2,716783;526542,483;0,526542483;143,61;344,222;743,275;1;VP64;Jun142022_MAX_C2-VP64-M14-3X-1;PSD95-6ZF-VP64;23;#009E73
949,226;0,949226;1688,649;1,688649;56,212;267,866;699,7;0,383;1971,618;1,971618;145919,972;0,145919972;72,843;135,623;133,869;2;VP64;VP64_500M2S1;PSD95-6ZF-VP64;23;#009E73
497,179;0,497179;1681,493;1,681493;29,568;508,324;1092,004;0,465;2911;2,911;428928,881;0,428928881;191,589;577,101;536,084;1;VP64;Jun142022_MAX_C2-VP64-M5-3X-3;PSD95-6ZF-VP64;22;#E69F00
992,356;0,992356;1672,602;1,672602;59,33;886,148;1110,973;0,798;3311,635;3,311635;744531,392;0,744531392;53,313;214,977;708,18;2;NoED;May032022_NoED_100_C2M1.8-1-1;PSD95-6ZF-NoED;22;#E69F00
1195,568;1,195568;1671,165;1,671165;71,541;425,721;630,536;0,675;1833,397;1,833397;213228,178;0,213228178;18,315;45,718;55,105;2;NoED;NoED_1M1C263X5XS1spines;PSD95-6ZF-NoED;23;#009E73
1134,817;1,134817;1668,21;1,66821;68,26;507,207;555,372;0,913;1831,321;1,831321;211667,119;0,211667119;89,923;245,869;245,869;2;VP64;VP64_C25M1C163X5XAS1Spine;PSD95-6ZF-VP64;23;#009E73
802,713;0,802713;1666,306;1,666306;48,173;513,702;841,879;0,61;2579,265;2,579265;341428,803;0,341428803;57,274;63,004;106,569;1;VP64;C2-VP64-5-M1-C2-63X-5XC;PSD95-6ZF-VP64;22;#E69F00
802,713;0,802713;1666,306;1,666306;48,173;513,702;841,879;0,61;2579,265;2,579265;341428,803;0,341428803;57,274;63,4;106,569;2;VP64;VP64_C25M1C263X5XCSpine;PSD95-6ZF-VP64;23;#009E73
458,474;0,458474;1641,944;1,641944;27,923;1259,273;1546,12;0,814;4638,877;4,638877;1641325,492;1,641325492;77,949;212,63;193,49;2;NoED;NoED_1M1C163X1XS2Spines;PSD95-6ZF-NoED;23;#009E73
338,513;0,338513;1641,577;1,641577;20,621;1275,874;1803,782;0,707;5060,982;5,060982;1707479,34;1,70747934;216,144;307,639;307,465;2;NoED;May032022_NoED_100_C2M1.8-1-1;PSD95-6ZF-NoED;23;#009E73
721,745;0,721745;1630,809;1,630809;44,257;677,717;1078,227;0,629;2859,709;2,859709;567057,139;0,567057139;46,913;413,465;426,399;2;NoED;NoED_1M1C363X5XS1Spine;PSD95-6ZF-NoED;23;#009E73
1266,177;1,266177;1625,778;1,625778;77,881;430,236;577,703;0,745;1652,875;1,652875;188555,204;0,188555204;84,552;163,6;232,732;2;VP64;VP64_C25M1C163X5XCSpines;PSD95-6ZF-VP64;23;#009E73
802,86;0,80286;1612,327;1,612327;49,795;840,91;1006,913;0,835;2934,879;2,934879;648366,24;0,64836624;96,358;96,358;96,358;2;VP64;VP64_MAX21M1C163X5X2Spines;PSD95-6ZF-VP64;22;#E69F00
765,308;0,765308;1595,93;1,59593;47,954;763,874;832,971;0,917;2567,593;2,567593;501679,486;0,501679486;135,474;240,42;273,859;1;NoED;Jun142022_MAX_C2-NoED-M6-3X-1;PSD95-6ZF-NoED;23;#009E73
519,693;0,519693;1582,828;1,582828;32,833;869,383;960,595;0,905;2943,503;2,943503;649276,59;0,64927659;19,249;105,782;107,417;2;VP64;VP64_C25M1C163X5XCSpines;PSD95-6ZF-VP64;22;#E69F00
931,757;0,931757;1579,703;1,579703;58,983;608,894;715,707;0,851;2185,65;2,18565;336004,274;0,336004274;37,505;37,505;37,505;2;NoED;NoED_C25M1C263X5XS1;PSD95-6ZF-NoED;23;#009E73
1061,055;1,061055;1578,203;1,578203;67,232;566,645;675,494;0,839;2004,457;2,004457;298176,352;0,298176352;94,64;477,295;3284,233;1;VP64;Jun142022_MAX_C2-VP64-M14-3X-1;PSD95-6ZF-VP64;23;#009E73
488,105;0,488105;1575,238;1,575238;30,986;980,387;1319,999;0,743;3967,055;3,967055;1009404,386;1,009404386;134,941;254,079;34030,497;1;VP64;May032022_MAX_C2-VP64-M15-3X-1;PSD95-6ZF-VP64;23;#009E73
695,324;0,695324;1542,888;1,542888;45,066;295,92;923,91;0,32;2216,158;2,216158;221937,337;0,221937337;183,949;348,644;528,71;1;VP64;May032022_MAX_C2-VP64-M15D-3X-1;PSD95-6ZF-VP64;23;#009E73
1010,021;1,010021;1537,213;1,537213;65,705;538,321;680,254;0,791;2219,304;2,219304;305062,984;0,305062984;141,988;417,283;512,745;1;NoED;Jun142022_MAX_C2-NoED-M13-3X-1;PSD95-6ZF-NoED;22;#E69F00
924,901;0,924901;1531,267;1,531267;60,401;888,25;1166,216;0,761;3338,729;3,338729;809943,7;0,8099437;77,949;212,63;163,916;2;NoED;NoED_1M1C163X1XS2Spines;PSD95-6ZF-NoED;23;#009E73
936,399;0,936399;1525,854;1,525854;61,369;741,89;891,158;0,833;2833,498;2,833498;517783,98;0,51778398;19,188;183,77;183,77;2;VP64;VP64_MAX21M1C163X5X2Spines;PSD95-6ZF-VP64;22;#E69F00
869,754;0,869754;1522,258;1,522258;57,136;665,981;877,737;0,759;2493,589;2,493589;450022,23;0,45002223;33,412;183,706;170,18;2;VP64;C2-May_032022_VP64_100_M3X;PSD95-6ZF-VP64;23;#009E73
360,784;0,360784;1522,25;1,52225;23,701;509,1;1067,558;0,477;2900,808;2,900808;420972,027;0,420972027;298,185;437,421;13259,049;1;VP64;Jun142022_MAX_C2-VP64-M5-3X-4;PSD95-6ZF-VP64;22;#E69F00
624,769;0,624769;1507,107;1,507107;41,455;866,395;1051,889;0,824;3295,214;3,295214;808164,222;0,808164222;86,455;192,814;177,555;2;NoED;NoED_C25M1C363X1XSpine;PSD95-6ZF-NoED;23;#009E73
570,119;0,570119;1494,263;1,494263;38,154;520,685;1081,992;0,481;3194,07;3,19407;430053,487;0,430053487;241,217;475,063;547,172;1;VP64;Jun142022_MAX_C2-VP64-M5-3X-3;PSD95-6ZF-VP64;23;#009E73
1202,551;1,202551;1488,804;1,488804;80,773;550,578;592,884;0,929;1931,316;1,931316;254321,26;0,25432126;102,74;165,265;169,892;2;VP64;VP64_C25M1C163X5XCSpines;PSD95-6ZF-VP64;22;#E69F00
1182,18;1,18218;1476,291;1,476291;80,67;361,646;549,815;0,658;1495,813;1,495813;158518,429;0,158518429;55,87;93,347;93,347;2;NoED;NoED_C25M1C263X5XS1;PSD95-6ZF-NoED;22;#E69F00
949,146;0,949146;1463,448;1,463448;64,857;463,009;773,01;0,599;2053,628;2,053628;285058,392;0,285058392;238,801;440,111;437,622;1;NoED;Jun142022_MAX_C2-NoED-M13-3X-2;PSD95-6ZF-NoED;23;#009E73
977,538;0,977538;1462,61;1,46261;66,86;877,423;1038,669;0,845;3092,721;3,092721;696510,955;0,696510955;172,556;243,14;254,63;2;NoED;NoED_MAXC21M1C363X1XS1;PSD95-6ZF-NoED;23;#009E73
1037,056;1,037056;1451,182;1,451182;71,463;647,594;759,931;0,852;2342,989;2,342989;389108,699;0,389108699;187,471;341,736;413,211;1;VP64;Jun142022_MAX_C2-VP64-M12-3X-1;PSD95-6ZF-VP64;23;#009E73
876,084;0,876084;1425,611;1,425611;61,453;527,674;706,541;0,747;2143,169;2,143169;297575,312;0,297575312;124,213;176,312;214,979;1;NoED;NoED-500-M1-3X-2-;PSD95-6ZF-NoED;23;#009E73
951,829;0,951829;1410,925;1,410925;67,461;493,677;590,731;0,836;1781,196;1,781196;231691,452;0,231691452;202,219;279,647;288,873;1;NoED;May032022_MAX_C2-NoED-M18-3X-2;PSD95-6ZF-NoED;23;#009E73
587,675;0,587675;1404,284;1,404284;41,849;557,107;1014,23;0,549;2798,284;2,798284;439605,245;0,439605245;141,87;141,87;141,87;2;VP64;VP64_C25M1C163X5XCSpines;PSD95-6ZF-VP64;22;#E69F00
796,542;0,796542;1403,312;1,403312;56,762;701,605;925,13;0,758;2699,68;2,69968;520923,682;0,520923682;209,376;302,167;299,944;2;VP64;May_032022_VP64_100_M2_3X-1-2-1;PSD95-6ZF-VP64;23;#009E73
777,282;0,777282;1399,839;1,399839;55,527;434,484;1029,699;0,422;2886,522;2,886522;355628,095;0,355628095;282,221;351,71;372,599;1;VP64;May032022_MAX_C2-VP64-M15-3X-2;PSD95-6ZF-VP64;23;#009E73
912,445;0,912445;1387,356;1,387356;65,769;509,867;581,723;0,876;1718,732;1,718732;226434,735;0,226434735;18,745;107,649;253,431;2;NoED;NoED_1M1C263X5XS1spines;PSD95-6ZF-NoED;23;#009E73
616,39;0,61639;1385,747;1,385747;44,481;595,141;1051,818;0,566;2732,965;2,732965;497289,417;0,497289417;149,785;263,22;259,69;2;VP64;C2-May_032022_VP64_100_M3X;PSD95-6ZF-VP64;23;#009E73
675,604;0,675604;1382,171;1,382171;48,88;658,31;994,652;0,662;2634,24;2,63424;508888,894;0,508888894;21,582;79,15;101,43;2;VP64;VP64_C2500M33XSpines;PSD95-6ZF-VP64;23;#009E73
535,448;0,535448;1375,055;1,375055;38,94;604,54;948,356;0,637;2893,424;2,893424;450309,344;0,450309344;240,957;368,559;350,011;1;VP64;Jun142022_MAX_C2-VP64-M5-3X-2;PSD95-6ZF-VP64;22;#E69F00
1033,19;1,03319;1371,456;1,371456;75,323;341,988;436,66;0,784;1337,885;1,337885;107918,193;0,107918193;73,271;159,487;201,772;2;VP64;VP64_C25M1C163X5XCSpines;PSD95-6ZF-VP64;23;#009E73
448,845;0,448845;1364,32;1,36432;32,899;813,818;1085,915;0,749;3097,66;3,09766;697689,518;0,697689518;179,414;270,214;299,711;2;VP64;C2-May_032022_VP64_100_M3X;PSD95-6ZF-VP64;22;#E69F00
915,386;0,915386;1346,56;1,34656;67,98;459,09;646,068;0,711;1823,248;1,823248;230529,083;0,230529083;15,486;77,801;90,551;1;NoED;NoED_C2--500-M3-3X_1-1;PSD95-6ZF-NoED;23;#009E73
436,391;0,436391;1337,448;1,337448;32,629;486,081;838,585;0,58;2285,871;2,285871;321351,572;0,321351572;225,354;281,462;335,635;1;VP64;Jun142022_MAX_C2-VP64-M5-3X-1;PSD95-6ZF-VP64;23;#009E73
1079,877;1,079877;1330,34;1,33034;81,173;203,38;374,773;0,543;1033,209;1,033209;56859,907;0,056859907;71,53;71,53;71,53;2;NoED;NoED_C25M1C263X5XS1;PSD95-6ZF-NoED;23;#009E73
407,536;0,407536;1325,417;1,325417;30,748;768,743;1017,863;0,755;2843,298;2,843298;595576,6;0,5955766;23,88;223,307;26497,794;2;VP64;May_032022_VP64_100_M2_3X-1-2-1;PSD95-6ZF-VP64;22;#E69F00
894,963;0,894963;1321,1;1,3211;67,744;222,107;570,461;0,389;1362,78;1,36278;93445,85;0,09344585;26,463;165,511;185,169;2;VP64;VP64_C21M1C263X5XS2Spines;PSD95-6ZF-VP64;23;#009E73
837,97;0,83797;1307,545;1,307545;64,2;661,818;751,115;0,881;2331,18;2,33118;367952,277;0,367952277;260,954;308,46;344,978;2;NoED;NoED_MAXC21M1C363X1XS1;PSD95-6ZF-NoED;23;#009E73
832,38;0,83238;1304,276;1,304276;63,793;453,677;547,855;0,828;1611,998;1,611998;196708,942;0,196708942;80,992;295,47;19902,296;2;VP64;VP64_C25M1C163X5XCSpines;PSD95-6ZF-VP64;22;#E69F00
969,968;0,969968;1297,66;1,29766;74,748;421,588;463,782;0,909;1406,94;1,40694;148426,555;0,148426555;236,191;454,572;531,245;1;VP64;Jun142022_MAX_C2-VP64-M10-3X-1;PSD95-6ZF-VP64;22;#E69F00
668,268;0,668268;1283,053;1,283053;52,084;455,378;633,137;0,719;2127,906;2,127906;232244,002;0,232244002;216,151;317,87;571,994;1;VP64;Jun142022_MAX_C2-VP64-M8-3X-1;PSD95-6ZF-VP64;23;#009E73
843,93;0,84393;1266,163;1,266163;66,653;419,156;482,287;0,869;1570,718;1,570718;160205,9;0,1602059;162,309;162,309;162,309;2;NoED;NoED_C25M1C263X5XS1;PSD95-6ZF-NoED;23;#009E73
196,449;0,196449;1264,837;1,264837;15,532;730,932;1194,686;0,612;3612,474;3,612474;681186,494;0,681186494;421,656;621,978;30739,374;1;VP64;May032022_MAX_C2-VP64-M15D-3X-1;PSD95-6ZF-VP64;23;#009E73
947,391;0,947391;1255,427;1,255427;75,464;375,383;442,3;0,849;1356,182;1,356182;127503,443;0,127503443;137,95;167,88;179,728;2;VP64;VP64_C21M1C263X5XS2Spines;PSD95-6ZF-VP64;23;#009E73
611,734;0,611734;1231,948;1,231948;49,656;601,457;807,204;0,745;2300,249;2,300249;378244,952;0,378244952;167,526;604,549;17561,264;1;VP64;Jun142022_MAX_C2-VP64-M6-3X-1;PSD95-6ZF-VP64;22;#E69F00
727,698;0,727698;1229,191;1,229191;59,201;479,958;542,021;0,885;1648,676;1,648676;202925,179;0,202925179;100,242;193,275;228,934;1;NoED;May032022_MAX_C2-NoED-M18-3X-3;PSD95-6ZF-NoED;22;#E69F00
661,617;0,661617;1226,627;1,226627;53,938;554,359;687,475;0,806;1997,748;1,997748;291696,287;0,291696287;47,559;47,559;47,559;2;VP64;VP64_C25M1C363X5XASpines;PSD95-6ZF-VP64;22;#E69F00
390,172;0,390172;1213,497;1,213497;32,153;341,51;791,933;0,431;2409,292;2,409292;214714,362;0,214714362;109,778;127,423;127,423;2;VP64;VP64_500M2S1;PSD95-6ZF-VP64;23;#009E73
901,809;0,901809;1213,185;1,213185;74,334;228,318;383,175;0,596;1072,738;1,072738;72478,372;0,072478372;137,342;157,342;175,807;2;VP64;VP64_C21M1C263X5XS3Spines;PSD95-6ZF-VP64;22;#E69F00
790,191;0,790191;1212,4;1,2124;65,176;828,163;1050,431;0,788;2951,393;2,951393;605843,134;0,605843134;40,218;226,84;205,369;2;NoED;NoED_MAXC21M1C363X1XS1;PSD95-6ZF-NoED;23;#009E73
483,675;0,483675;1209,401;1,209401;39,993;861,989;1233,479;0,699;3595,462;3,595462;809970,462;0,809970462;164,394;286,727;299,947;1;VP64;C2-May_032022_VP64_100_M33X-2;PSD95-6ZF-VP64;23;#009E73
695,442;0,695442;1199,606;1,199606;57,973;483,642;650,954;0,743;1844,344;1,844344;243015,088;0,243015088;193,638;439,034;458,3;1;VP64;May032022_MAX_C2-VP64-M18-3X-1;PSD95-6ZF-VP64;22;#E69F00
827,055;0,827055;1192,829;1,192829;69,336;312,581;466,488;0,67;1467,443;1,467443;111185,455;0,111185455;203,917;341,153;18532,895;1;VP64;Jun142022_MAX_C2-VP64-M5-3X-4;PSD95-6ZF-VP64;22;#E69F00
811,333;0,811333;1185,482;1,185482;68,439;393,265;467,689;0,841;1374,811;1,374811;140168,24;0,14016824;80,88;205,704;186,393;2;VP64;VP64_C25M1C163X5XCSpines;PSD95-6ZF-VP64;23;#009E73
949,666;0,949666;1154,768;1,154768;82,239;416,543;525,87;0,793;1535,729;1,535729;169704,275;0,169704275;69,904;246,214;224,329;2;VP64;VP64_C25M1C163X5XCSpines;PSD95-6ZF-VP64;23;#009E73
549,892;0,549892;1149,999;1,149999;47,817;638,347;757,96;0,842;2338,659;2,338659;386851,052;0,386851052;191,747;506,441;960,107;1;VP64;Jun142022_MAX_C2-VP64-M8-3X-1;PSD95-6ZF-VP64;22;#E69F00
870,246;0,870246;1148,097;1,148097;75,799;392,513;443,258;0,886;1398,927;1,398927;131065,316;0,131065316;126,066;407,039;8925,311;1;NoED;May032022_MAX_C2-NoED-M19-3X-1;PSD95-6ZF-NoED;23;#009E73
899,158;0,899158;1122,412;1,122412;80,109;285,422;638,596;0,447;1635,593;1,635593;137557,869;0,137557869;257,869;436,026;9190,555;1;NoED;Jun142022_MAX_C2-NoED-M13-3X-2;PSD95-6ZF-NoED;23;#009E73
618,933;0,618933;1122,188;1,122188;55,154;455,414;808,547;0,563;2389,243;2,389243;296079,671;0,296079671;135,72;222,326;249,302;2;VP64;VP64_May032022_C2100M43X;PSD95-6ZF-VP64;22;#E69F00
965,785;0,965785;1118,849;1,118849;86,32;172,24;250,127;0,689;782,671;0,782671;40546,272;0,040546272;208,189;322,004;367,331;1;VP64;May032022_MAX_C2-VP64-M15D-3X-1;PSD95-6ZF-VP64;22;#E69F00
810,199;0,810199;1117,301;1,117301;72,514;295,817;481,721;0,614;1304,625;1,304625;112318,394;0,112318394;6,861;17,766;29,617;2;NoED;NoED_1M1C263X5XS2Spines;PSD95-6ZF-NoED;23;#009E73
541,337;0,541337;1111,225;1,111225;48,715;560,214;770,52;0,728;2188,202;2,188202;338843,39;0,33884339;24,676;186,915;182,31;2;VP64;VP64_C21M1C263X5XS3Spines;PSD95-6ZF-VP64;23;#009E73
749,282;0,749282;1099,112;1,099112;68,172;369,15;498,499;0,741;1399,269;1,399269;141018,342;0,141018342;122,625;158,272;175,562;2;VP64;VP64_C21M1C263X5XS2Spines;PSD95-6ZF-VP64;23;#009E73
680,045;0,680045;1094,865;1,094865;62,112;472,615;539,925;0,875;1636,877;1,636877;196528,6;0,1965286;185,896;389,7;473,482;1;VP64;May032022_MAX_C2-VP64-M15-3X-1;PSD95-6ZF-VP64;22;#E69F00
682,249;0,682249;1085,363;1,085363;62,859;286,719;413,167;0,694;1179,936;1,179936;89593,728;0,089593728;265,872;265,872;265,872;2;VP64;VP64_C25M1C363X5XCSpines;PSD95-6ZF-VP64;23;#009E73
215,978;0,215978;1075,835;1,075835;20,075;825,773;1103,628;0,748;3279,957;3,279957;725822,059;0,725822059;321,723;321,723;321,723;1;VP64;Jun142022_MAX_C2-VP64-M5-3X-2;PSD95-6ZF-VP64;23;#009E73
504,92;0,50492;1044,983;1,044983;48,318;454,913;564,579;0,806;1676,107;1,676107;196935,354;0,196935354;102,282;140,756;140,513;2;VP64;VP64_C25M1C163X5XCSpines;PSD95-6ZF-VP64;23;#009E73
795,008;0,795008;1041,281;1,041281;76,349;398,229;482,665;0,825;1503,828;1,503828;150072,24;0,15007224;171,034;236,786;26655,138;1;NoED;Jun142022_MAX_C2-NoED-M14-3X-1;PSD95-6ZF-NoED;22;#E69F00
677,961;0,677961;1032,228;1,032228;65,679;359,57;470,042;0,765;1328,012;1,328012;128719,106;0,128719106;179,971;243,114;311,654;1;VP64;May032022_MAX_C2-VP64-M18-3X-1;PSD95-6ZF-VP64;22;#E69F00
697,797;0,697797;1029,641;1,029641;67,771;360,52;450,419;0,8;1358,712;1,358712;127361,147;0,127361147;224,337;581,45;18783,419;1;VP64;May032022_MAX_C2-VP64-M15-3X-2;PSD95-6ZF-VP64;23;#009E73
428,903;0,428903;1020,165;1,020165;42,42;748,877;829,746;0,903;2555,291;2,555291;485410,5;0,4854105;258,676;895,604;894,189;2;VP64;May_032022_VP64_100_M2_3X-1-2-1;PSD95-6ZF-VP64;23;#009E73
497,952;0,497952;1009,393;1,009393;49,332;620,54;654,209;0,949;2018,388;2,018388;311417,542;0,311417542;170,73;428,866;922,074;1;NoED;Jun142022_MAX_C2-NoED-M14-3X-1;PSD95-6ZF-NoED;22;#E69F00
358,872;0,358872;962,75;0,96275;37,276;644,016;939,11;0,686;2526,754;2,526754;469919,367;0,469919367;189,314;381,277;597,474;1;NoED;May032022_MAX_C2-NoED-M18-3X-1;PSD95-6ZF-NoED;22;#E69F00
691,509;0,691509;951,779;0,951779;72,654;391,576;465,476;0,841;1394,951;1,394951;136864,176;0,136864176;116,888;288,343;308,262;1;VP64;May032022_MAX_C2-VP64-M18-3X-1;PSD95-6ZF-VP64;22;#E69F00
473,675;0,473675;946,516;0,946516;50,044;511,639;741,639;0,69;2064,809;2,064809;297077,669;0,297077669;119,922;248,362;26521,115;1;NoED;Jun142022_MAX_C2-NoED-M12-3X-1;PSD95-6ZF-NoED;23;#009E73
687,48;0,68748;940,529;0,940529;73,49;446,613;511,996;0,872;1633,148;1,633148;175961,785;0,175961785;224,196;472,363;16128,362;2;VP64;VP64_C25M1C163X5XCSpines;PSD95-6ZF-VP64;22;#E69F00
637,857;0,637857;934,867;0,934867;68,23;392,614;476,906;0,823;1430,656;1,430656;144186,792;0,144186792;283,859;331,033;335,342;1;NoED;May032022_MAX_C2-NoED-M19-3X-1;PSD95-6ZF-NoED;23;#009E73
748,721;0,748721;933,521;0,933521;80,204;294,77;348,524;0,846;1058,447;1,058447;80627,574;0,080627574;166,366;379,262;44101,276;1;VP64;May032022_MAX_C2-VP64-M15D-3X-3;PSD95-6ZF-VP64;22;#E69F00
537,565;0,537565;931,655;0,931655;57,7;333,406;501,96;0,664;1418,063;1,418063;128415,428;0,128415428;168;273,109;255,432;1;NoED;May032022_MAX_C2-NoED-M21-3X-2;PSD95-6ZF-NoED;22;#E69F00
668,64;0,66864;915,254;0,915254;73,055;292,749;379,228;0,772;1140,092;1,140092;84623,537;0,084623537;193,333;452,463;7964,8;1;NoED;May032022_MAX_C2-NoED-M18-3X-1;PSD95-6ZF-NoED;22;#E69F00
453,941;0,453941;898,774;0,898774;50,507;233,662;546,38;0,428;1316,442;1,316442;94819,423;0,094819423;69,363;93,632;91,306;2;VP64;VP64_500M2S1;PSD95-6ZF-VP64;22;#E69F00
722,641;0,722641;892,454;0,892454;80,972;379,18;428,438;0,885;1315,777;1,315777;120945,917;0,120945917;126,466;126,466;126,466;2;VP64;VP64_C25M1C163X5XAS1Spine;PSD95-6ZF-VP64;23;#009E73
529,846;0,529846;880,399;0,880399;60,182;396,517;447,138;0,887;1380,86;1,38086;138294,662;0,138294662;79,913;129,338;214,489;2;VP64;VP64_C25M1C163X5XCSpines;PSD95-6ZF-VP64;22;#E69F00
682,73;0,68273;878,51;0,87851;77,755;313,33;386,48;0,812;1160,636;1,160636;98030,486;0,098030486;64,679;245,14;206,848;2;VP64;VP64_C25M1C163X5XCSpines;PSD95-6ZF-VP64;23;#009E73
470,581;0,470581;857,721;0,857721;54,864;414,719;587,333;0,706;1684,956;1,684956;187796,173;0,187796173;97,966;212,293;417,339;2;VP64;VP64_C25M1C163X5XCSpines;PSD95-6ZF-VP64;23;#009E73
165,275;0,165275;857,306;0,857306;19,278;447,259;874,325;0,512;2377,432;2,377432;312829,738;0,312829738;273,729;312,29;312,29;2;VP64;VP64_C25M1C163X5XCSpines;PSD95-6ZF-VP64;22;#E69F00
225,786;0,225786;854,66;0,85466;26,418;339,784;772,421;0,44;1918,5;1,9185;212025,915;0,212025915;102,289;196,103;196,103;2;VP64;VP64_C21M1C263X5XS3Spines;PSD95-6ZF-VP64;23;#009E73
354,46;0,35446;845,29;0,84529;41,947;337,563;572,686;0,589;1690,423;1,690423;143488,926;0,143488926;80,68;185,778;265,619;2;VP64;VP64_May032022_C2100M43X;PSD95-6ZF-VP64;23;#009E73
602,986;0,602986;842,646;0,842646;71,559;204,717;299,481;0,684;849,018;0,849018;44284,523;0,044284523;163,153;260,683;11165,699;1;NoED;May032022_MAX_C2-NoED-M18-3X-1;PSD95-6ZF-NoED;23;#009E73
339,579;0,339579;835,64;0,83564;40,637;564,66;783,362;0,72;2282,972;2,282972;340499,831;0,340499831;116,474;209,858;225,69;2;VP64;VP64_May032022_C2100M43X;PSD95-6ZF-VP64;22;#E69F00
653,2;0,6532;832,569;0,832569;78,434;270,864;367,537;0,737;1010,757;1,010757;71974,519;0,071974519;100,234;131,566;299,418;2;VP64;VP64_C21M1C263X5XS3Spines;PSD95-6ZF-VP64;23;#009E73
582,701;0,582701;832,017;0,832017;70,035;444,999;502,685;0,885;1539,767;1,539767;170580,142;0,170580142;155,6;271,023;12449,569;1;NoED;NoED_Jun142022_C2M53X1;PSD95-6ZF-NoED;23;#009E73
456,773;0,456773;820,641;0,820641;55,661;430,938;638,283;0,675;1705,209;1,705209;204197,832;0,204197832;217,546;217,546;217,546;2;VP64;VP64_MAX21M1C163X5X2Spines;PSD95-6ZF-VP64;22;#E69F00
421,89;0,42189;815,103;0,815103;51,759;442,807;490,204;0,903;1511,175;1,511175;169912,486;0,169912486;180,387;611,313;21187,31;1;NoED;Jun142022_MAX_C2-NoED-M14-3X-2;PSD95-6ZF-NoED;23;#009E73
357,936;0,357936;806,099;0,806099;44,404;365,777;548,138;0,667;1504,351;1,504351;155788,218;0,155788218;212,308;1104,767;24502,237;1;NoED;May032022_MAX_C2-NoED-M21-3X-2;PSD95-6ZF-NoED;23;#009E73
478,954;0,478954;793,433;0,793433;60,365;373,902;496,342;0,753;1529,612;1,529612;143579,354;0,143579354;233,143;267,388;16936,991;1;VP64;May032022_MAX_C2-VP64-M18-3X-1;PSD95-6ZF-VP64;23;#009E73
312,357;0,312357;786,147;0,786147;39,733;499,766;626,637;0,798;1818,598;1,818598;248293,416;0,248293416;215,213;712,068;751,292;1;VP64;Jun142022_MAX_C2-VP64-M5-3X-1;PSD95-6ZF-VP64;23;#009E73
355,735;0,355735;780,605;0,780605;45,572;223,837;444,159;0,504;1180,946;1,180946;76250,617;0,076250617;94,151;271,819;384,435;1;VP64;Jun142022_MAX_C2-VP64-M14-3X-1;PSD95-6ZF-VP64;23;#009E73
283,94;0,28394;762,731;0,762731;37,227;455,461;662,127;0,688;1831,145;1,831145;229281,985;0,229281985;169,764;644,209;752,168;1;NoED;Jun142022_MAX_C2-NoED-M13-3X-1;PSD95-6ZF-NoED;23;#009E73
261,394;0,261394;756,276;0,756276;34,563;416,975;631,84;0,66;1898,527;1,898527;208560,792;0,208560792;302,689;385,831;385,985;1;NoED;Jun142022_MAX_C2-NoED-M6-3X-1;PSD95-6ZF-NoED;22;#E69F00
379,709;0,379709;749,73;0,74973;50,646;417,181;524,289;0,796;1510,013;1,510013;165506,146;0,165506146;351,54;351,54;351,54;1;NoED;Jun142022_MAX_C2-NoED-M10-3X-2;PSD95-6ZF-NoED;23;#009E73
363,795;0,363795;724,259;0,724259;50,23;328,711;383,107;0,858;1150,71;1,15071;95327,887;0,095327887;185,82;243,356;237,199;1;VP64;May032022_MAX_C2-VP64-M15D-3X-1;PSD95-6ZF-VP64;23;#009E73
335,117;0,335117;722,495;0,722495;46,383;466,585;602,852;0,774;2023,46;2,02346;263002,512;0,263002512;52,524;57,371;24098,829;2;NoED;May032022_NoED_100_C2M1.8-1-1;PSD95-6ZF-NoED;22;#E69F00
542,655;0,542655;721,449;0,721449;75,217;218,681;287,934;0,759;868,405;0,868405;51909,668;0,051909668;338,119;612,502;16717,348;1;NoED;May032022_MAX_C2-NoED-M19-3X-2;PSD95-6ZF-NoED;23;#009E73
406,36;0,40636;711,763;0,711763;57,092;171,599;308,997;0,555;917,595;0,917595;40532,901;0,040532901;568,718;13202,721;57684,351;1;VP64;Jun142022_MAX_C2-VP64-M9-3X-1;PSD95-6ZF-VP64;22;#E69F00
396,271;0,396271;711,48;0,71148;55,697;223,884;451,467;0,496;1215,774;1,215774;86472,861;0,086472861;48,797;48,797;48,797;2;VP64;VP64_C21M1C163X5XS1Spines;PSD95-6ZF-VP64;23;#009E73
287,337;0,287337;708,81;0,70881;40,58;524,8;616,535;0,85;1782,547;1,782547;244160,606;0,244160606;8,69;17,335;14,845;2;NoED;C2-NoED-500-M2-3X2--3-1;PSD95-6ZF-NoED;23;#009E73
505,769;0,505769;708,542;0,708542;71,382;217,55;381,699;0,569;1022,426;1,022426;63441,973;0,063441973;114216,708;114216,708;114216,708;2;VP64;VP64_C25M1C163X5XCSpines;PSD95-6ZF-VP64;23;#009E73
299,547;0,299547;687,981;0,687981;43,54;446,493;679,136;0,657;1967,721;1,967721;235516,285;0,235516285;167,879;188,111;268,256;1;NoED;Jun142022_MAX_C2-NoED-M14-3X-1;PSD95-6ZF-NoED;23;#009E73
287,328;0,287328;687,518;0,687518;41,792;416,19;438,125;0,95;1359,674;1,359674;139408,678;0,139408678;77,539;77,539;77,539;2;VP64;VP64_MAX21M1C163X5X2Spines;PSD95-6ZF-VP64;23;#009E73
504,697;0,504697;685,767;0,685767;73,596;246,412;356,397;0,691;984,219;0,984219;66950,566;0,066950566;163,144;738,921;1118,946;1;VP64;Jun142022_MAX_C2-VP64-M9-3X-1;PSD95-6ZF-VP64;23;#009E73
478,986;0,478986;683,417;0,683417;70,087;427,995;507,17;0,844;1592,599;1,592599;172880,326;0,172880326;189,959;237,931;549,645;1;NoED;May032022_MAX_C2-NoED-M18-3X-2;PSD95-6ZF-NoED;22;#E69F00
540,798;0,540798;682,563;0,682563;79,231;265,78;405,238;0,656;1137,913;1,137913;81223,272;0,081223272;165,427;355,199;635,205;1;NoED;Jun142022_MAX_C2-NoED-M13-3X-2;PSD95-6ZF-NoED;22;#E69F00
514,2;0,5142;670,878;0,670878;76,619;248,157;333,86;0,743;982,72;0,98272;68890,39;0,06889039;18,121;37,232;57,4;2;NoED;NoED_1M1C263X5XS2Spines;PSD95-6ZF-NoED;23;#009E73
421,947;0,421947;669,553;0,669553;63,19;355,963;517,221;0,688;1575,715;1,575715;148650,937;0,148650937;343,984;943,719;26431,814;2;VP64;VP64_May032022_C2100M43X;PSD95-6ZF-VP64;22;#E69F00
324,748;0,324748;669,227;0,669227;48,526;246,436;430,326;0,573;1222,049;1,222049;83220,448;0,083220448;105,466;143,407;146,835;1;VP64;VP64_500M13X1;PSD95-6ZF-VP64;23;#009E73
196,708;0,196708;667,216;0,667216;29,482;432,598;563,058;0,768;1653,43;1,65343;190813,104;0,190813104;196,144;334,624;334,624;1;NoED;Jun142022_MAX_C2-NoED-M9-3X-1;PSD95-6ZF-NoED;22;#E69F00
364,703;0,364703;661,722;0,661722;55,114;549,832;930,142;0,591;2585,396;2,585396;376106,177;0,376106177;274,503;276,995;287,403;2;NoED;May032022_NoED_100_C2M1.8-1-1;PSD95-6ZF-NoED;23;#009E73
410,238;0,410238;644,674;0,644674;63,635;300,748;330,575;0,91;1077,33;1,07733;71810,442;0,071810442;87,623;98,332;184,133;2;VP64;VP64_500M2S1;PSD95-6ZF-VP64;22;#E69F00
384,627;0,384627;630,967;0,630967;60,958;321,6;432,796;0,743;1235,449;1,235449;113494,892;0,113494892;214,25;666,353;23221,813;1;VP64;Jun142022_MAX_C2-VP64-M5-3X-3;PSD95-6ZF-VP64;23;#009E73
414,644;0,414644;627,194;0,627194;66,111;363,742;578,536;0,629;1643,269;1,643269;160711,323;0,160711323;251,686;282,812;294,558;1;NoED;Jun142022_MAX_C2-NoED-M13-3X-2;PSD95-6ZF-NoED;22;#E69F00
227,781;0,227781;613,18;0,61318;37,157;478,807;903,628;0,53;2391,961;2,391961;308057,251;0,308057251;131,122;55709,126;55935,571;2;VP64;VP64_May032022_C2100M43X;PSD95-6ZF-VP64;22;#E69F00
193,127;0,193127;590,052;0,590052;32,73;473,893;534,973;0,886;1620,422;1,620422;197401,852;0,197401852;144,564;502,123;413,308;1;NoED;May032022_MAX_C2-NoED-M21-3X-2;PSD95-6ZF-NoED;23;#009E73
436,155;0,436155;584,79;0,58479;74,674;311,894;425,14;0,734;1208,86;1,20886;102710,389;0,102710389;93,229;184,219;177,584;2;VP64;VP64_C25M1C163X5XCSpines;PSD95-6ZF-VP64;22;#E69F00
356,754;0,356754;580,143;0,580143;61,494;167,337;267,357;0,626;766,771;0,766771;38379,988;0,038379988;113,97;414,938;353,812;1;VP64;May032022_MAX_C2-VP64-M15-3X-2;PSD95-6ZF-VP64;22;#E69F00
443,333;0,443333;579,846;0,579846;76,457;375,986;578,91;0,65;1725,133;1,725133;187014,709;0,187014709;58,624;194,926;185,72;2;NoED;May032022_NoED_100_C2M1.8-1-1;PSD95-6ZF-NoED;23;#009E73
233,547;0,233547;579,497;0,579497;40,302;661,182;793,608;0,833;2596,228;2,596228;426006,267;0,426006267;165,491;381,963;475,203;2;VP64;C2-May_032022_VP64_100_M3X;PSD95-6ZF-VP64;23;#009E73
238,478;0,238478;578,009;0,578009;41,259;390,553;848,545;0,46;2375,037;2,375037;275707,952;0,275707952;376,7;596,885;24643,178;1;VP64;C2-May_032022_VP64_100_M33X-2;PSD95-6ZF-VP64;22;#E69F00
277,188;0,277188;574,438;0,574438;48,254;259,341;453,635;0,572;1254,72;1,25472;97792,989;0,097792989;194,328;334,693;334,693;2;VP64;VP64_500M2S1;PSD95-6ZF-VP64;23;#009E73
225,491;0,225491;569,948;0,569948;39,563;361,972;471,501;0,768;1497,426;1,497426;145263,814;0,145263814;93,927;231,97;216,828;2;VP64;VP64_C25M1C163X5XCSpines;PSD95-6ZF-VP64;23;#009E73
244,584;0,244584;561,731;0,561731;43,541;401,781;515,514;0,779;1591,497;1,591497;161996,422;0,161996422;216,644;244,891;253,669;1;VP64;May032022_MAX_C2-VP64-M15-3X-2;PSD95-6ZF-VP64;22;#E69F00
317,993;0,317993;558,71;0,55871;56,916;374,921;486,154;0,771;1412,501;1,412501;144804,997;0,144804997;100,709;410,847;405,971;1;VP64;May032022_MAX_C2-VP64-M15-3X-2;PSD95-6ZF-VP64;23;#009E73
226,314;0,226314;551,742;0,551742;41,018;227,162;401,187;0,566;1053,581;1,053581;67289,032;0,067289032;86,038;108,891;1426,752;1;VP64;VP64_500M13X1;PSD95-6ZF-VP64;23;#009E73
368,016;0,368016;551,228;0,551228;66,763;311,374;431,045;0,722;1283,168;1,283168;107562,669;0,107562669;277,818;399,02;417,135;1;NoED;Jun142022_MAX_C2-NoED-M14-3X-1;PSD95-6ZF-NoED;23;#009E73
450,512;0,450512;550,788;0,550788;81,794;263,998;464,464;0,568;1299,426;1,299426;98341,43;0,09834143;214,393;252,106;297,522;1;NoED;May032022_MAX_C2-NoED-M19-3X-1;PSD95-6ZF-NoED;23;#009E73
280,472;0,280472;547,04;0,54704;51,271;327,686;505,665;0,648;1317,786;1,317786;124612,824;0,124612824;159,46;220,147;269,341;1;VP64;Jun142022_MAX_C2-VP64-M5-3X-4;PSD95-6ZF-VP64;22;#E69F00
167,7;0,1677;545,958;0,545958;30,717;433,877;569,036;0,762;1794,756;1,794756;189872,929;0,189872929;321,192;330,308;365,489;1;VP64;May032022_MAX_C2-VP64-M15-3X-2;PSD95-6ZF-VP64;23;#009E73
417,723;0,417723;542,488;0,542488;77,001;224,159;303,072;0,74;897,158;0,897158;54453,121;0,054453121;141,903;234,303;565,919;1;NoED;NoED_Jun142022_C2M53X1;PSD95-6ZF-NoED;22;#E69F00
243,597;0,243597;539,494;0,539494;45,153;337,472;510,641;0,661;1451,849;1,451849;135087,742;0,135087742;140,631;430,331;392,898;1;VP64;Jun142022_MAX_C2-VP64-M12-3X-1;PSD95-6ZF-VP64;23;#009E73
372,415;0,372415;533,373;0,533373;69,823;288,07;304,86;0,945;1062,642;1,062642;77451,719;0,077451719;142,244;202,908;580,049;1;VP64;May032022_MAX_C2-VP64-M15D-3X-3;PSD95-6ZF-VP64;22;#E69F00
270,839;0,270839;530,395;0,530395;51,064;411,629;462,926;0,889;1452,473;1,452473;147229,133;0,147229133;1107,511;121273,457;100202,017;1;NoED;May032022_MAX_C2-NoED-M21-3X-2;PSD95-6ZF-NoED;22;#E69F00
258,545;0,258545;529,953;0,529953;48,786;216,907;389,601;0,557;970,874;0,970874;60406,984;0,060406984;122,783;184,496;182,578;1;NoED;NoED_C2--500-M3-3X_1-1;PSD95-6ZF-NoED;23;#009E73
325,504;0,325504;529,286;0,529286;61,499;218,055;326,755;0,667;905,266;0,905266;54549,736;0,054549736;105,392;133,593;138,197;1;VP64;VP64_500M13X1;PSD95-6ZF-VP64;23;#009E73
234,853;0,234853;511,835;0,511835;45,885;232,539;327,78;0,709;945,76;0,94576;59816,649;0,059816649;139,137;272,534;268,65;1;VP64;May032022_MAX_C2-VP64-M15D-3X-1;PSD95-6ZF-VP64;23;#009E73
225,298;0,225298;509,546;0,509546;44,215;319,336;441,054;0,724;1230,157;1,230157;108241,394;0,108241394;256,259;314,352;309,095;1;NoED;May032022_MAX_C2-NoED-M21-3X-2;PSD95-6ZF-NoED;22;#E69F00
127,682;0,127682;506,479;0,506479;25,21;514,24;725,004;0,709;2156,995;2,156995;298224,483;0,298224483;326,028;349,047;349,047;1;VP64;C2-May_032022_VP64_100_M33X-2;PSD95-6ZF-VP64;23;#009E73
354,115;0,354115;501,128;0,501128;70,664;280,815;300,934;0,933;1012,489;1,012489;70688,948;0,070688948;131,622;161,613;240,865;1;NoED;May032022_MAX_C2-NoED-M19-3X-2;PSD95-6ZF-NoED;23;#009E73
386,558;0,386558;498,74;0,49874;77,611;452,954;823,1;0,55;2034,683;2,034683;237352,236;0,237352236;2,343;191,873;240,373;2;NoED;NoED_C25M1C363X1XSpine;PSD95-6ZF-NoED;23;#009E73
276,02;0,27602;490,635;0,490635;56,258;312,422;387,169;0,807;1159,124;1,159124;97191,068;0,097191068;265,436;302,588;304,45;1;NoED;NoED_Jun142022_C2M53X1;PSD95-6ZF-NoED;23;#009E73
285,353;0,285353;480,112;0,480112;59,435;383,402;466,755;0,821;1538,976;1,538976;142815,578;0,142815578;162,814;164,848;23151,116;1;NoED;May032022_MAX_C2-NoED-M19-3X-2;PSD95-6ZF-NoED;22;#E69F00
290,058;0,290058;480,037;0,480037;60,424;280,05;366,839;0,763;1071,863;1,071863;79249,872;0,079249872;302,391;697,273;18859,725;1;VP64;Jun142022_MAX_C2-VP64-M10-3X-1;PSD95-6ZF-VP64;23;#009E73
361,14;0,36114;477,906;0,477906;75,541;243,814;258,254;0,944;828,774;0,828774;46462,19;0,04646219;130,968;209,595;216,761;2;VP64;VP64_C25M1C163X5XCSpines;PSD95-6ZF-VP64;23;#009E73
300,163;0,300163;477,108;0,477108;62,913;248,351;278,1;0,893;857,585;0,857585;50851,262;0,050851262;104,891;124,329;124,3;2;VP64;VP64_May032022_C2100M43X;PSD95-6ZF-VP64;23;#009E73
311,535;0,311535;474,041;0,474041;65,719;197,264;235,196;0,839;755,361;0,755361;37372,854;0,037372854;240,482;300,379;284,014;1;NoED;Jun142022_MAX_C2-NoED-M10-3X-2;PSD95-6ZF-NoED;23;#009E73
273,067;0,273067;464,119;0,464119;58,835;139,804;248,898;0,562;666,958;0,666958;28877,067;0,028877067;379,957;641,234;581,3;1;VP64;May032022_MAX_C2-VP64-M15-3X-2;PSD95-6ZF-VP64;23;#009E73
347,707;0,347707;463,613;0,463613;74,999;224,594;243,465;0,922;783,168;0,783168;39903,079;0,039903079;185,738;208,231;204,764;1;NoED;Jun142022_MAX_C2-NoED-M14-3X-2;PSD95-6ZF-NoED;23;#009E73
406,658;0,406658;463,313;0,463313;87,772;231,222;322,481;0,717;1008,959;1,008959;63981,564;0,063981564;80,28;99,74;127,857;2;VP64;VP64_C25M1C163X5XCSpines;PSD95-6ZF-VP64;23;#009E73
78,095;0,078095;443,823;0,443823;17,596;579,662;619,358;0,936;2298,256;2,298256;290731,903;0,290731903;520,074;551,452;551,452;1;VP64;C2-May_032022_VP64_100_M33X-2;PSD95-6ZF-VP64;23;#009E73
228,152;0,228152;441,796;0,441796;51,642;297,426;512,542;0,58;1383,376;1,383376;119140,485;0,119140485;303,664;514,026;582,289;1;NoED;May032022_MAX_C2-NoED-M18-3X-2;PSD95-6ZF-NoED;23;#009E73
168,434;0,168434;438,364;0,438364;38,423;252,819;498,11;0,508;1383,735;1,383735;103971,507;0,103971507;346,531;442,416;431,549;1;NoED;May032022_MAX_C2-NoED-M18-3X-2;PSD95-6ZF-NoED;22;#E69F00
153,159;0,153159;437,891;0,437891;34,976;281,8;375,672;0,75;1119,869;1,119869;75194,114;0,075194114;317,645;331,218;327,211;2;VP64;May_032022_VP64_100_M2_3X-1-2-1;PSD95-6ZF-VP64;22;#E69F00
319,783;0,319783;430,282;0,430282;74,319;256,534;426,304;0,602;1151,578;1,151578;86971,96;0,08697196;466,681;466,681;466,681;2;NoED;NoED_C25M1C263X5XS1;PSD95-6ZF-NoED;23;#009E73
162,951;0,162951;429,662;0,429662;37,926;267,194;378,981;0,705;1126,486;1,126486;83627,988;0,083627988;216,894;277,344;258,172;2;VP64;VP64_May032022_C2100M43X;PSD95-6ZF-VP64;22;#E69F00
215,835;0,215835;424,579;0,424579;50,835;179,512;230,763;0,778;740,72;0,74072;30697,5;0,0306975;494,356;494,356;494,356;2;VP64;VP64_C25M1C163X5XCSpines;PSD95-6ZF-VP64;22;#E69F00
314,933;0,314933;423,925;0,423925;74,29;257,693;500,122;0,515;1400,877;1,400877;104999,369;0,104999369;120,53;169,327;199,534;2;VP64;VP64_May032022_C2100M43X;PSD95-6ZF-VP64;22;#E69F00
312,542;0,312542;423,621;0,423621;73,779;211,304;305,829;0,691;979,254;0,979254;52977,492;0,052977492;142,222;159,993;23484,169;1;VP64;Jun142022_MAX_C2-VP64-M5-3X-3;PSD95-6ZF-VP64;22;#E69F00
187,707;0,187707;423,444;0,423444;44,329;284,631;326,007;0,873;973,18;0,97318;72234,247;0,072234247;77,701;77,701;77,701;1;VP64;VP64_500M13X1;PSD95-6ZF-VP64;23;#009E73
152,808;0,152808;412,035;0,412035;37,086;288,924;435,863;0,663;1321,3;1,3213;98580,484;0,098580484;186,841;220,444;209,355;1;NoED;Jun142022_MAX_C2-NoED-M14-3X-1;PSD95-6ZF-NoED;23;#009E73
199,845;0,199845;411,141;0,411141;48,607;434,104;698,518;0,621;1843,65;1,84365;232536,633;0,232536633;137,91;137,91;137,91;2;VP64;VP64_C25M1C163X5XCSpines;PSD95-6ZF-VP64;23;#009E73
196,558;0,196558;404,126;0,404126;48,638;240,443;447,942;0,537;1156,493;1,156493;77158,614;0,077158614;133,982;2201,52;2201,52;2;VP64;VP64_C25M1C163X5XAS1Spine;PSD95-6ZF-VP64;23;#009E73
209,46;0,20946;402,515;0,402515;52,38;283,825;326,931;0,868;1005,323;1,005323;69248,27;0,06924827;107,756;107,756;107,756;2;VP64;VP64_C25M1C163X5XAS1Spine;PSD95-6ZF-VP64;23;#009E73
218,569;0,218569;401,12;0,40112;54,49;203,303;407,517;0,499;1082,765;1,082765;63024,197;0,063024197;86,672;117,746;116,881;1;NoED;Jun142022_MAX_C2-NoED-M6-3X-1;PSD95-6ZF-NoED;22;#E69F00
211,935;0,211935;399,027;0,399027;53,113;282,526;387,084;0,73;1107,857;1,107857;82372,426;0,082372426;455,122;5231,147;42942,922;1;VP64;May032022_MAX_C2-VP64-M18-3X-1;PSD95-6ZF-VP64;22;#E69F00
198,111;0,198111;392,604;0,392604;50,461;280,283;656,879;0,427;1654,51;1,65451;125149,479;0,125149479;38,19;358,609;7259,13;2;VP64;VP64_May032022_C2100M43X;PSD95-6ZF-VP64;23;#009E73
363,063;0,363063;384,715;0,384715;94,372;253,701;418,003;0,607;1283,522;1,283522;91942,975;0,091942975;241,783;272,98;292,146;1;VP64;May032022_MAX_C2-VP64-M18-3X-1;PSD95-6ZF-VP64;22;#E69F00
172,61;0,17261;378,485;0,378485;45,605;392,792;468,726;0,838;1437,03;1,43703;140085,964;0,140085964;89,626;109,938;109,938;1;VP64;C2-May_032022_VP64_100_M33X-2;PSD95-6ZF-VP64;22;#E69F00
220,798;0,220798;377,908;0,377908;58,427;197,979;276,194;0,717;769,797;0,769797;41748,87;0,04174887;494,691;658,216;12553,185;1;NoED;May032022_MAX_C2-NoED-M19-3X-2;PSD95-6ZF-NoED;22;#E69F00
149,711;0,149711;355,879;0,355879;42,068;206,531;296,85;0,696;936,819;0,936819;46914,35;0,04691435;248,306;275,299;275,299;1;NoED;May032022_MAX_C2-NoED-M18-3X-1;PSD95-6ZF-NoED;22;#E69F00
127,576;0,127576;350,521;0,350521;36,396;280,413;431,365;0,65;1175,362;1,175362;92463,114;0,092463114;223,082;253,028;253,028;1;VP64;Jun142022_MAX_C2-VP64-M5-3X-4;PSD95-6ZF-VP64;23;#009E73
143,112;0,143112;343,507;0,343507;41,662;232,529;491,692;0,473;1295,025;1,295025;90705,957;0,090705957;312,351;389,168;389,168;1;NoED;NoED_Jun142022_C2M53X1;PSD95-6ZF-NoED;22;#E69F00
241,245;0,241245;342,307;0,342307;70,476;218,099;448,248;0,487;1136,696;1,136696;68631,578;0,068631578;86,202;413,403;433,151;1;NoED;Jun142022_MAX_C2-NoED-M6-3X-1;PSD95-6ZF-NoED;22;#E69F00
155,204;0,155204;328,573;0,328573;47,236;319,182;430,883;0,741;1284,066;1,284066;104480,194;0,104480194;283,735;333,329;341,606;1;NoED;May032022_MAX_C2-NoED-M19-3X-1;PSD95-6ZF-NoED;23;#009E73
134,506;0,134506;327,509;0,327509;41,069;273,448;460,532;0,594;1289,402;1,289402;93983,442;0,093983442;317,838;352,815;352,815;1;VP64;May032022_MAX_C2-VP64-M18-3X-1;PSD95-6ZF-VP64;23;#009E73
136,686;0,136686;327,229;0,327229;41,771;276,576;479,287;0,577;1230,799;1,230799;94003,072;0,094003072;424,462;506,599;506,599;1;NoED;May032022_MAX_C2-NoED-M19-3X-1;PSD95-6ZF-NoED;22;#E69F00
57,196;0,057196;325,749;0,325749;17,558;238,75;416,417;0,573;1218,096;1,218096;79057,976;0,079057976;4410,846;4410,846;4410,846;1;NoED;May032022_MAX_C2-NoED-M18-3X-3;PSD95-6ZF-NoED;22;#E69F00
186,007;0,186007;323,115;0,323115;57,567;214,849;246,795;0,871;777,648;0,777648;43446,071;0,043446071;260,165;401,412;421,477;1;VP64;May032022_MAX_C2-VP64-M15-3X-2;PSD95-6ZF-VP64;23;#009E73
182,085;0,182085;313,108;0,313108;58,154;286,253;318,371;0,899;983,997;0,983997;68669,642;0,068669642;593,991;997,097;879,203;1;NoED;May032022_MAX_C2-NoED-M21-3X-2;PSD95-6ZF-NoED;22;#E69F00
199,188;0,199188;302,96;0,30296;65,935;331,153;450,333;0,735;1342,873;1,342873;116365,87;0,11636587;62,557;62,557;62,557;2;NoED;NoED_1M1C363X5XS2Spine;PSD95-6ZF-NoED;23;#009E73
188,23;0,18823;302,066;0,302066;62,314;133,449;360,085;0,371;927,753;0,927753;35251,708;0,035251708;193,308;227,307;293,522;1;VP64;May032022_MAX_C2-VP64-M18-3X-1;PSD95-6ZF-VP64;22;#E69F00
168,077;0,168077;302,025;0,302025;55,65;242,716;286,729;0,847;887,163;0,887163;55243,474;0,055243474;216,657;1696,529;43071,462;1;NoED;May032022_MAX_C2-NoED-M18-3X-1;PSD95-6ZF-NoED;23;#009E73
125,464;0,125464;295,747;0,295747;42,423;185,459;276,971;0,67;743,296;0,743296;37717,045;0,037717045;755,471;755,471;755,471;1;NoED;May032022_MAX_C2-NoED-M21-3X-2;PSD95-6ZF-NoED;22;#E69F00
134,77;0,13477;268,953;0,268953;50,109;198,387;275,626;0,72;777,897;0,777897;41511,729;0,041511729;173,855;189,385;189,385;1;NoED;NoED_Jun142022_C2M53X1;PSD95-6ZF-NoED;22;#E69F00
141,084;0,141084;264,756;0,264756;53,288;200,598;256,069;0,783;783,568;0,783568;41325,76;0,04132576;128,034;149,417;149,417;1;VP64;VP64_500M13X1;PSD95-6ZF-VP64;22;#E69F00
184,533;0,184533;252,55;0,25255;73,068;190,255;269,99;0,705;848,923;0,848923;39846,528;0,039846528;99,906;259,667;56235,193;1;VP64;May032022_MAX_C2-VP64-M15-3X-2;PSD95-6ZF-VP64;22;#E69F00
177,825;0,177825;250,996;0,250996;70,847;149,022;200,144;0,745;606,41;0,60641;25421,2;0,0254212;299,101;399,055;391,677;1;VP64;Jun142022_MAX_C2-VP64-M6-3X-2;PSD95-6ZF-VP64;23;#009E73
131,551;0,131551;220,796;0,220796;59,58;185,224;241,539;0,767;772,899;0,772899;38481,234;0,038481234;250,484;250,484;250,484;2;VP64;VP64_C2500M33XSpines;PSD95-6ZF-VP64;23;#009E73
91,247;0,091247;219,784;0,219784;41,517;236,721;419,986;0,564;1183;1,183;80895,984;0,080895984;361,744;429,389;429,389;1;VP64;Jun142022_MAX_C2-VP64-M9-3X-1;PSD95-6ZF-VP64;23;#009E73
116,469;0,116469;214,282;0,214282;54,353;226,724;343,495;0,66;971,402;0,971402;55415,644;0,055415644;300,708;371,85;371,85;1;NoED;Jun142022_MAX_C2-NoED-M14-3X-2;PSD95-6ZF-NoED;22;#E69F00
91,419;0,091419;209,588;0,209588;43,618;176,04;508,279;0,346;1303,482;1,303482;71526,576;0,071526576;197,554;428,851;428,851;1;NoED;May032022_MAX_C2-NoED-M18-3X-1;PSD95-6ZF-NoED;23;#009E73
184,189;0,184189;208,749;0,208749;88,235;179,266;314,269;0,57;838,332;0,838332;41894,033;0,041894033;238,616;254,608;446,452;1;NoED;NoED_Jun142022_C2M53X1;PSD95-6ZF-NoED;23;#009E73
132,113;0,132113;206,549;0,206549;63,962;465,993;888,965;0,524;2195,191;2,195191;254244,958;0,254244958;89,947;106,74;106,74;2;NoED;NoED_C25M1C363X1XSpine;PSD95-6ZF-NoED;22;#E69F00
149,688;0,149688;197,364;0,197364;75,844;107,798;184,456;0,584;508,102;0,508102;14811,194;0,014811194;341,162;441,122;441,122;1;NoED;May032022_MAX_C2-NoED-M18-3X-1;PSD95-6ZF-NoED;23;#009E73
85,918;0,085918;197,312;0,197312;43,545;114,694;433,414;0,265;1025,843;1,025843;34780,238;0,034780238;322,053;440,214;440,214;1;NoED;Jun142022_MAX_C2-NoED-M10-3X-1;PSD95-6ZF-NoED;23;#009E73
39,358;0,039358;196,203;0,196203;20,6;225,515;326,563;0,691;1216,655;1,216655;64015,801;0,064015801;4856,197;4856,197;4856,197;2;VP64;VP64_May032022_C2100M43X;PSD95-6ZF-VP64;22;#E69F00
96,469;0,096469;194,117;0,194117;49,696;198,222;326,011;0,608;984,344;0,984344;56010,143;0,056010143;192,316;52389,68;52389,68;1;NoED;May032022_MAX_C2-NoED-M18-3X-1;PSD95-6ZF-NoED;22;#E69F00
118,179;0,118179;187,638;0,187638;62,982;166,074;299,324;0,555;780,791;0,780791;39623,158;0,039623158;205,929;315,183;315,183;1;VP64;Jun142022_MAX_C2-VP64-M9-3X-1;PSD95-6ZF-VP64;23;#009E73
131,188;0,131188;186,556;0,186556;70,321;180,307;266,508;0,677;749,775;0,749775;34766,995;0,034766995;334,873;406,564;406,564;1;VP64;May032022_MAX_C2-VP64-M15D-3X-3;PSD95-6ZF-VP64;23;#009E73
67,3;0,0673;185,623;0,185623;36,257;146,498;384,565;0,381;969,378;0,969378;38559,235;0,038559235;288,574;288,574;288,574;1;NoED;Jun142022_MAX_C2-NoED-M13-3X-1;PSD95-6ZF-NoED;23;#009E73
120,944;0,120944;185,192;0,185192;65,308;107,798;184,456;0,584;498,583;0,498583;15086,112;0,015086112;796,349;843,812;843,812;1;NoED;May032022_MAX_C2-NoED-M19-3X-1;PSD95-6ZF-NoED;22;#E69F00
100,495;0,100495;184,678;0,184678;54,416;104,951;378,918;0,277;1057,136;1,057136;33618,255;0,033618255;406,513;50139,791;50139,791;1;NoED;NoED_Jun142022_C2M53X1;PSD95-6ZF-NoED;23;#009E73
139,528;0,139528;180,725;0,180725;77,205;167,472;286,93;0,584;776,821;0,776821;36213,273;0,036213273;225,873;228,869;228,869;1;VP64;Jun142022_MAX_C2-VP64-M5-3X-3;PSD95-6ZF-VP64;22;#E69F00
77,664;0,077664;172,776;0,172776;44,951;157,419;273,677;0,575;763,462;0,763462;33226,999;0,033226999;345,561;361,85;361,85;1;NoED;May032022_MAX_C2-NoED-M21-3X-2;PSD95-6ZF-NoED;22;#E69F00
84,139;0,084139;168,128;0,168128;50,045;183,331;397,683;0,461;985,743;0,985743;53317,463;0,053317463;213,626;441,608;441,608;1;NoED;Jun142022_MAX_C2-NoED-M10-3X-1;PSD95-6ZF-NoED;23;#009E73
28,302;0,028302;162,865;0,162865;17,377;22,628;292,905;0,77;1158,699;1,158699;10582,227;0,010582227;229,635;229,635;229,635;2;VP64;VP64_C25M1C163X5XCSpines;PSD95-6ZF-VP64;23;#009E73
64,147;0,064147;158,999;0,158999;40,344;136,317;158,02;0,863;492,075;0,492075;18213,789;0,018213789;7209,187;7209,187;7209,187;1;NoED;Jun142022_MAX_C2-NoED-M14-3X-2;PSD95-6ZF-NoED;23;#009E73
112,728;0,112728;151,862;0,151862;74,231;261,26;418,593;0,624;1225,669;1,225669;84267,92;0,08426792;219,55;228,815;228,815;2;NoED;NoED_1M1C263X5XS1spines;PSD95-6ZF-NoED;22;#E69F00
106,253;0,106253;147,674;0,147674;71,951;98,434;151,502;0,65;483,751;0,483751;14706,052;0,014706052;189,845;189,845;189,845;1;VP64;May032022_MAX_C2-VP64-M15D-3X-1;PSD95-6ZF-VP64;22;#E69F00
69,143;0,069143;147,398;0,147398;46,909;246,353;396,84;0,621;1113,835;1,113835;68325,584;0,068325584;400,121;400,121;400,121;1;NoED;May032022_MAX_C2-NoED-M19-3X-1;PSD95-6ZF-NoED;22;#E69F00
95,923;0,095923;145,553;0,145553;65,903;176,327;291,316;0,605;760,004;0,760004;36885,925;0,036885925;178,39;204,874;204,874;1;VP64;May032022_MAX_C2-VP64-M15-3X-2;PSD95-6ZF-VP64;22;#E69F00
144,308;0,144308;144,308;0,144308;100;186,709;337,24;0,554;990,736;0,990736;51518,254;0,051518254;167,112;251,812;251,812;1;NoED;May032022_MAX_C2-NoED-M21-3X-1;PSD95-6ZF-NoED;22;#E69F00
87,851;0,087851;143,738;0,143738;61,119;129,339;192,169;0,673;583,846;0,583846;22342,018;0,022342018;467,086;467,086;467,086;1;NoED;May032022_MAX_C2-NoED-M19-3X-2;PSD95-6ZF-NoED;23;#009E73
103,281;0,103281;136,765;0,136765;75,517;121,497;190,934;0,636;586,429;0,586429;21149,678;0,021149678;185,175;185,175;185,175;1;NoED;May032022_MAX_C2-NoED-M18-3X-1;PSD95-6ZF-NoED;23;#009E73
88,771;0,088771;121,5;0,1215;73,063;122,216;474,526;0,258;1115,83;1,11583;42083,575;0,042083575;412,538;443,181;443,181;1;NoED;NoED_Jun142022_C2M53X1;PSD95-6ZF-NoED;23;#009E73
90,682;0,090682;113,209;0,113209;80,102;204,64;357,278;0,571;965,283;0,965283;52145,998;0,052145998;122,708;220,548;220,548;2;VP64;VP64_C2500M33XSpines;PSD95-6ZF-VP64;22;#E69F00
22,261;0,022261;58,217;0,058217;38,238;54,76;306,417;0,176;912,6;0,9126;6897,946;0,006897946;140,201;140,201;140,201;2;VP64;VP64_C25M1C163X5XCSpines;PSD95-6ZF-VP64;22;#E69F00
